,OrderID,CustomerID,ProductID,ProductName,Category,Price,Quantity,OrderDate,DeliveryDate,PaymentMethod
4,a8adf0b5-0f83-46fe-82d9-a78d8a865288,8348962d-a3be-49a5-b750-d5d13f8e6abc,ELEC-00003,Laptop B,Electronics,2000.0,1.0,7/31/2022,8/8/2022,PayPal
5,f58317e1-6a5e-4bed-9342-17b10f643f3a,98e02211-5beb-4170-9805-2e24678e9d86,APPL-00012,Freezer,Appliances,800.0,5.0,6/27/2020,7/6/2020,Credit Card
8,2420f7b8-9497-45f9-ab0f-a861eb73e80c,e634dd5e-5fab-454f-a243-94c69574c0b5,INST-00005,Piano,Instruments,5000.0,4.0,11/28/2020,12/7/2020,PayPal
9,14418082-c81e-4bb3-b90d-0c235fec9dc4,164fe5b0-4002-414e-a14b-ac51ed1535b4,CLOT-00002,Skirt,Clothes,50.0,3.0,10/8/2022,10/8/2022,Cash
10,cbd98d45-e142-43a9-9cd3-d9d1a6098214,12336fe0-9b97-4f86-a529-39417e5372d1,APPL-00011,Microwave,Appliances,200.0,8.0,1/24/2021,1/29/2021,PayPal
11,531bbe12-9481-4ee3-ae76-a2e4c894dba3,854dc2ff-81a6-49c0-af8e-2b4a9268165d,ELEC-00003,Laptop B,Electronics,2000.0,1.0,12/10/2020,12/18/2020,Cash
12,62212ed3-3a98-4e94-82f2-b403bed46261,0e18f3b4-8821-406a-a34d-598e6f5b42b1,ELEC-00004,Tablet A,Electronics,400.0,5.0,4/24/2022,4/24/2022,Credit Card
16,5a3370e1-bb36-4f2d-b420-8f88204e978c,4ed57585-c530-48b7-866e-e6d4462c7526,CLOT-00002,Skirt,Clothes,50.0,6.0,6/1/2020,6/2/2020,Cash
17,3e1a8b72-4aa6-4bdb-ae82-a906d644bc96,cdf5576d-04cc-4a14-8978-2bdb22c26576,APPL-00002,Table,Appliances,200.0,10.0,12/22/2022,12/30/2022,Credit Card
19,53b841ce-9d2a-4311-bef7-7e9dcc737cd1,f7ee2cb6-5ce2-413f-8b46-949461b4e756,INST-00005,Piano,Instruments,5000.0,10.0,7/26/2020,7/27/2020,Credit Card
20,e2fbc51f-171d-4a80-9c60-e42999013aca,e89a2dd1-d9d7-4988-9714-cd19a1efc92c,ELEC-00003,Laptop B,Electronics,2000.0,8.0,9/5/2022,9/14/2022,Unknown
21,6f726da8-e575-4c67-9465-ee30057238b6,98e02211-5beb-4170-9805-2e24678e9d86,INST-00002,Drum,Instruments,1000.0,9.0,3/21/2020,3/27/2020,PayPal
22,3f16822f-f21f-4b6a-85e6-378c6aaa4989,64b80567-a602-4ff8-9d72-782005b3e49c,INST-00005,Piano,Instruments,5000.0,4.0,3/1/2022,3/9/2022,PayPal
24,0248d7c6-939d-47d0-8d08-67833be4780a,98e02211-5beb-4170-9805-2e24678e9d86,CLOT-00002,Skirt,Clothes,50.0,7.0,10/10/2022,10/12/2022,Unknown
26,af2bb0c1-73e1-4251-8680-2493c5e1a39e,3af302b1-7ee9-4074-93b9-41eb25d9f550,APPL-00001,Chair,Appliances,50.0,9.0,3/16/2020,3/24/2020,Credit Card
28,591f5d02-797a-4756-986d-fbf151a20460,7a9dcbb1-663e-4ffc-999c-4f593a1459a4,APPL-00010,AC,Appliances,800.0,10.0,5/17/2022,5/17/2022,Credit Card
29,c3d77180-9511-4d19-bb0b-fcdff11c5684,031c46f3-d7e1-4d5f-800c-132f7cc30198,INST-00004,Flute,Instruments,100.0,4.0,10/6/2021,10/14/2021,Credit Card
32,a106c3b3-b82d-4a07-a1f6-9da7485ad235,05dd4cc2-3dba-4a88-953e-14d9c2af25b9,APPL-00009,Fridge,Appliances,1000.0,7.0,6/14/2023,6/16/2023,Unknown
34,cfd677d9-f83d-4478-9b7d-d84f1b2123fb,c7db7eb9-13e6-4ab2-8b38-3b05af00fd36,INST-00004,Flute,Instruments,100.0,5.0,1/21/2020,1/23/2020,PayPal
37,e82a661e-89fc-4bcc-a046-3487db294fa5,adf40e10-7da7-434b-8947-d63f181827bd,APPL-00006,Stool,Appliances,30.0,7.0,4/27/2022,4/30/2022,PayPal
38,aff64eb2-4f76-4665-bedf-e33a74920039,bb395bf8-869e-40e1-85e0-bad58da5b064,APPL-00005,Rack,Appliances,50.0,9.0,1/5/2021,1/11/2021,Cash
42,d4d14863-a3f9-423f-ab1f-9e974a2d24f6,82e20c1a-03ed-4630-aa23-a58641aff9e5,APPL-00001,Chair,Appliances,50.0,10.0,2/22/2023,3/3/2023,Cash
44,c6c76ff4-7433-47e5-abd4-ec1de23d3a90,93377bed-d6eb-4123-b731-91a9a46af300,APPL-00011,Microwave,Appliances,200.0,3.0,11/7/2021,11/13/2021,PayPal
45,5b1c21a2-35e2-422f-98c2-7122909ad0f8,1ee2d0a8-113a-43d6-a2a4-1fa70d75ec33,APPL-00005,Rack,Appliances,50.0,3.0,10/29/2021,11/1/2021,Cash
47,f9c5d7e4-cb31-4578-a336-ebe1f0f023ff,82dfa00f-7d38-4c0b-b1b2-b431f31d558e,CLOT-00002,Skirt,Clothes,50.0,9.0,7/26/2021,8/1/2021,Credit Card
48,e9ff4813-0552-41ed-bb1d-d5debe063d13,b924a758-db81-446a-b478-03ed1176a3c6,ELEC-00002,Laptop A,Electronics,1000.0,4.0,8/17/2020,8/17/2020,PayPal
49,4d4ed298-a0f7-4ef0-afad-735dc856e514,1b6118d2-3cdf-4c55-b206-90e6705243b9,ELEC-00003,Laptop B,Electronics,2000.0,7.0,2/17/2022,2/20/2022,PayPal
50,64ee85e6-11ea-4747-a72b-9736a4891393,82dfa00f-7d38-4c0b-b1b2-b431f31d558e,INST-00002,Drum,Instruments,1000.0,4.0,1/8/2023,1/15/2023,PayPal
51,7bf800fd-bc1c-4c77-8820-c15c010dbfd0,01d43552-50ca-4f6e-88d9-8916636bb747,ELEC-00004,Tablet A,Electronics,400.0,8.0,9/14/2020,9/17/2020,PayPal
53,4397f1bb-5c86-4589-800b-ab0e056c0e7d,483e85e8-de23-46ea-ac02-d01f6504c13e,APPL-00003,Wardrobe,Appliances,500.0,3.0,9/25/2022,10/4/2022,Cash
55,aebdbed9-9be2-45b6-9c60-cd4f516e8c07,b5c1c1e2-7b13-4071-9a29-817cc77e69bf,APPL-00010,AC,Appliances,800.0,5.0,7/11/2021,7/18/2021,PayPal
56,c88ce9e6-ed86-4881-bd1f-1d19981538f5,60007fc5-ee81-46fd-b8ff-62c5d433ca98,ELEC-00003,Laptop B,Electronics,2000.0,7.0,1/27/2022,2/2/2022,Cash
57,6ec586f4-a198-4d70-beb8-47ec30528663,c4a3ecd3-bfe5-4d1c-a7ea-23fd75333fdb,APPL-00012,Freezer,Appliances,800.0,7.0,10/3/2020,10/11/2020,Credit Card
60,3a204e92-45b4-4a84-8240-ca5bfff05234,d36788b2-057e-4c6e-8927-d8c051e15902,CLOT-00004,T-Shirt,Clothes,20.0,7.0,8/10/2023,8/10/2023,PayPal
61,2819366e-7a5c-4664-85da-afd34b4586b2,a7de470e-7299-42ac-be1b-66dd9d52d85b,CLOT-00001,Jacket,Clothes,100.0,10.0,3/18/2022,3/22/2022,Cash
64,b953bf4f-3d6c-4dd6-bb41-48fae9de4388,566cd0cb-6bcf-49cf-a12f-747c42d2aa75,CLOT-00001,Jacket,Clothes,100.0,3.0,10/23/2022,10/28/2022,PayPal
67,27219113-9b80-416f-9a47-02d49f9120f6,106bc70d-3112-4a11-bc40-7fe9279e7974,APPL-00012,Freezer,Appliances,800.0,7.0,12/23/2022,12/28/2022,Cash
68,c33c6ea4-bdb3-46f2-8d25-20f254345002,2991bfff-8754-4b08-9277-e8303e7d924e,CLOT-00005,Pants,Clothes,60.0,3.0,1/22/2023,1/26/2023,PayPal
69,a08dc614-2009-41fe-8199-9b66dff311d4,13e364d3-9c4a-4cae-b133-0513a136abee,APPL-00003,Wardrobe,Appliances,500.0,7.0,11/28/2021,11/30/2021,Credit Card
70,9a0e0064-69bb-4f16-b614-49682a54988a,1adfd0d3-a6e8-4403-9b5f-afec4ca9ab82,APPL-00002,Table,Appliances,200.0,4.0,6/30/2023,7/4/2023,Cash
71,4aaeb5ab-ac31-4863-bc8f-7b72ec9eff6f,cfbdb261-8bea-47a3-8c68-3a434005d592,INST-00004,Flute,Instruments,100.0,2.0,5/22/2020,5/29/2020,Cash
73,9f8b4684-96d2-442b-a248-f2107bf3e4a4,7e0f0823-c017-4527-8721-7c621ae27b9f,INST-00005,Piano,Instruments,5000.0,4.0,1/24/2022,1/30/2022,Credit Card
74,acd75ea3-ac07-4364-9a9d-268e708f7849,c073f4d8-7d30-4938-b5ae-a74a8a925e8e,APPL-00012,Freezer,Appliances,800.0,2.0,2/12/2022,2/21/2022,Unknown
75,d1bf4543-5f25-4efd-9941-97fcc2c965ed,67b8efbf-f07a-4640-9dd1-fbd0773d02a2,APPL-00004,Shelves,Appliances,100.0,2.0,6/30/2020,7/1/2020,PayPal
77,c9f99c5e-b071-4362-8c4c-6840de2a7b22,53798048-6006-428b-95fe-c049399705c0,ELEC-00002,Laptop A,Electronics,1000.0,1.0,3/7/2021,3/8/2021,Cash
80,b8eb04b1-b089-47b6-9bc3-f3b34ee79eb0,c9b82aca-716c-4f2f-a1c9-c29aae3eee94,APPL-00011,Microwave,Appliances,200.0,8.0,10/1/2020,10/4/2020,Credit Card
81,581c08f0-1efc-4a77-bfcf-ae8eed98da0d,6b100f50-b965-4d46-a5fb-1677c4013501,ELEC-00001,Phone X,Electronics,800.0,3.0,5/13/2021,5/15/2021,PayPal
82,2df61e9a-41c1-4745-9151-17c486c29324,76126798-917e-46cf-ab70-fd0cdf020df9,INST-00004,Flute,Instruments,100.0,6.0,7/3/2022,7/5/2022,Credit Card
83,de4dc4eb-e12d-4b65-ae1e-829bb38733c2,3a99e555-3a8e-4bb8-956b-5d612de69526,ELEC-00004,Tablet A,Electronics,400.0,4.0,3/10/2022,3/14/2022,Cash
85,ab57248a-331f-43d7-91d4-3995b724e945,05334a57-252e-4639-b11d-a3eecc5d2d9a,INST-00001,Guitar,Instruments,500.0,5.0,12/9/2020,12/10/2020,Credit Card
86,b06fc7d5-661a-4982-bf22-728cc2c434c2,61883507-9bd7-47a0-8be6-53709693898e,CLOT-00001,Jacket,Clothes,100.0,6.0,6/28/2021,7/2/2021,Cash
87,12c026a1-a3a1-45dd-9e3a-d880db6a2991,e6e8976a-92eb-451e-9162-7310a270ad47,CLOT-00002,Skirt,Clothes,50.0,1.0,8/5/2022,8/13/2022,Credit Card
88,619f9d9c-e3de-4fd0-acc5-320dddba0ef5,dd960c6a-f4da-4277-a979-401c2917c0a6,ELEC-00003,Laptop B,Electronics,2000.0,9.0,9/25/2020,10/1/2020,Credit Card
91,46dea4b6-3e1e-4f6a-a29a-1e88eaf4c762,d729fa92-0909-4b06-b125-bf4a9de378dd,APPL-00005,Rack,Appliances,50.0,7.0,10/3/2021,10/5/2021,Cash
92,a89a62e8-33ac-49f9-9ff6-64359791ef36,26913eab-eb41-4c7e-af81-882ede49275b,APPL-00009,Fridge,Appliances,1000.0,3.0,11/28/2022,12/3/2022,PayPal
93,fbc39141-a611-436d-941b-db8696e46313,dd960c6a-f4da-4277-a979-401c2917c0a6,CLOT-00004,T-Shirt,Clothes,20.0,8.0,2/12/2023,2/21/2023,Unknown
96,6a10bcc8-c16f-47c6-a989-233948e2fcd4,1d83238a-e1be-4e1c-9ec5-9828f1b12035,APPL-00011,Microwave,Appliances,200.0,2.0,10/18/2020,10/26/2020,Cash
97,6f419353-4e15-4a16-aa7f-e174329ef6fb,7f02a73a-594d-4d41-b292-3e0f21eac085,CLOT-00001,Jacket,Clothes,100.0,1.0,12/9/2022,12/14/2022,PayPal
98,54e96c9c-9e63-4f5e-bb24-3d31afc16894,81585aa2-347c-4125-9467-b2fff794b47b,APPL-00005,Rack,Appliances,50.0,7.0,10/28/2023,11/4/2023,Credit Card
99,e2f9437e-dd22-4623-a400-607aa3c82a42,49f474c2-cc17-4316-9946-9d929e4ec14c,APPL-00003,Wardrobe,Appliances,500.0,5.0,11/10/2021,11/15/2021,Cash
100,d5dc3925-62d1-4e09-bbd3-678fda951056,64eb192f-b6f0-40e7-abf9-8c15552a75eb,CLOT-00005,Pants,Clothes,60.0,3.0,5/1/2021,5/8/2021,Unknown
101,2e80927e-545c-44bf-8188-97bb43f64886,42d0feee-2e3c-4537-9903-edb77e346528,APPL-00007,Bench,Appliances,150.0,3.0,1/10/2021,1/17/2021,Cash
102,b6bf35d4-6198-4f10-9bd2-474b9b958a35,a90eeeb3-8829-4123-a9f9-65bdfa241974,CLOT-00004,T-Shirt,Clothes,20.0,9.0,2/7/2021,2/9/2021,Unknown
103,e8010f65-c67d-4d33-a25d-3eb478869661,b73d54b3-52fa-45cf-9546-63a787160b1c,APPL-00002,Table,Appliances,200.0,5.0,5/1/2020,5/10/2020,Unknown
104,3a99be38-6bf6-4080-96f0-84bcc9c0bf96,b154f6f6-1efc-43ed-b536-7d8313336450,ELEC-00003,Laptop B,Electronics,2000.0,2.0,9/7/2020,9/14/2020,PayPal
106,f010a1c2-fc97-4653-b2e6-b5e63d0b9a9c,fd0615bb-f643-4833-bec7-103e45fc3ddc,INST-00002,Drum,Instruments,1000.0,9.0,10/24/2021,11/1/2021,Cash
107,2da37e54-faae-4bdb-a542-f7f991a96657,9b1c6b39-225e-4a35-91fc-4d70c26a4651,CLOT-00005,Pants,Clothes,60.0,3.0,3/4/2020,3/10/2020,PayPal
109,bf306db1-f58e-4a3d-9dbb-f466cd557ae0,51d3cfe4-ec8a-40bb-b825-5e55fb9636fa,APPL-00004,Shelves,Appliances,100.0,5.0,4/22/2020,4/29/2020,Credit Card
110,6e4ea186-ee8c-42df-933b-e6a1f0588f6a,105252d5-61b7-4ff2-9409-86d4ca2c7d71,CLOT-00005,Pants,Clothes,60.0,5.0,7/7/2020,7/14/2020,Credit Card
111,6885d703-f713-43e6-b741-9ede3520a574,1d03074d-429e-4ddf-9820-422b44a13701,APPL-00011,Microwave,Appliances,200.0,3.0,10/21/2023,10/23/2023,Unknown
115,6d11769d-ed43-4512-bfb9-1ce8ea7cd6fa,734dacc7-77b5-45ef-9db6-d557719eff4d,ELEC-00004,Tablet A,Electronics,400.0,5.0,8/21/2020,8/24/2020,PayPal
116,b41c18e6-41a0-46cf-9913-4eb21d6bc6ce,d3ff5922-860a-4eed-b3d4-38d0d39f9351,APPL-00003,Wardrobe,Appliances,500.0,1.0,11/18/2023,11/20/2023,Credit Card
117,edb94f9c-a064-4cd9-be00-c760282105f9,855e9c81-b690-4614-8269-f3c520bf4089,APPL-00009,Fridge,Appliances,1000.0,2.0,5/5/2020,5/14/2020,Cash
120,76a2669d-ec9b-48df-80e8-0a1ffbd6c836,2d13d591-97cd-444f-96e4-51d0e95733cf,APPL-00004,Shelves,Appliances,100.0,1.0,11/4/2021,11/5/2021,Unknown
121,701c73e9-2aae-4e30-abb1-b3a275a0f0c3,56e61590-91b8-43f0-a40f-c095934fed88,ELEC-00001,Phone X,Electronics,800.0,7.0,5/6/2022,5/7/2022,Cash
124,4a624e0f-6d54-42e0-8876-d672a7ff8504,18424b8c-de57-455a-a044-96693f1df732,CLOT-00005,Pants,Clothes,60.0,4.0,10/17/2021,10/24/2021,Cash
125,044a872e-52fa-4510-88e4-129dfa2bb9a6,cc97b965-2307-4908-8c48-7664c4896994,CLOT-00003,Shirt,Clothes,30.0,4.0,10/7/2020,10/14/2020,Credit Card
126,0869d353-11b5-4392-a069-4ec940eaa598,75ae22f7-1405-41f2-a2b7-05bd566fb1d3,INST-00003,Bass,Instruments,600.0,7.0,8/30/2022,9/5/2022,Credit Card
130,43d5e056-56cb-4854-b41c-0dd05c5e2364,62ff9db3-1e04-488c-af6e-be00e50b2fba,INST-00001,Guitar,Instruments,500.0,4.0,6/7/2023,6/10/2023,Cash
131,fc436dd3-516f-4cd5-ac39-4698a20ab1af,9696cc9d-0786-454a-a07f-8df6491974ca,CLOT-00003,Shirt,Clothes,30.0,2.0,11/4/2021,11/7/2021,PayPal
132,e33a95c4-5bd7-4b35-b817-7bc30ed756ea,f8412217-6a15-455d-8ea0-db82391f8b94,CLOT-00005,Pants,Clothes,60.0,9.0,8/2/2020,8/4/2020,Cash
135,b3e63c02-a582-4f37-9368-19b768b30478,855e9c81-b690-4614-8269-f3c520bf4089,APPL-00008,TV,Appliances,1000.0,6.0,11/7/2022,11/10/2022,Credit Card
136,2899ccc4-4cad-4935-bb63-9c841fa6dcda,855e9c81-b690-4614-8269-f3c520bf4089,APPL-00006,Stool,Appliances,30.0,6.0,12/25/2020,12/31/2020,Credit Card
138,89ff96bc-b7f2-4c7d-be8d-e93e13b7d898,25c4a67c-90af-49d5-83bf-db854830c325,CLOT-00001,Jacket,Clothes,100.0,1.0,6/13/2022,6/18/2022,Credit Card
139,ffd3b720-b52c-46a2-bbe9-520986f6a81c,45a1fe04-dad1-4db1-8db2-75b3554851ec,CLOT-00001,Jacket,Clothes,100.0,3.0,5/30/2021,6/8/2021,Credit Card
140,9a4056a3-8e57-447d-b5bf-0b96165bdea3,d0987271-439f-41c0-acab-2cd04b48bea9,APPL-00012,Freezer,Appliances,800.0,3.0,1/29/2021,2/7/2021,Credit Card
141,f817ff37-40c0-41a3-841c-64ed9d9fac00,203d56ee-e4c2-4ea5-ba5d-a08684411fc1,ELEC-00004,Tablet A,Electronics,400.0,5.0,11/6/2020,11/8/2020,Cash
142,e183065a-0132-4265-a29d-050df5c42099,aaf23e5d-a546-42ca-8519-82ca2119ae20,INST-00003,Bass,Instruments,600.0,9.0,1/31/2021,2/6/2021,PayPal
143,63f1070a-0ac2-4cf4-aa5e-bf740e8df300,cac81c45-d463-46b7-9f66-b06aec4e26e2,ELEC-00004,Tablet A,Electronics,400.0,6.0,4/8/2020,4/10/2020,Credit Card
145,9d7c72db-c0c4-4574-8dfe-a798a5d7fafd,256a4c58-de74-4381-82df-87d805abad51,INST-00003,Bass,Instruments,600.0,9.0,2/7/2020,2/16/2020,PayPal
146,232e1998-c662-4e62-98d8-4c120cf3e488,afe1d4c4-4c69-4b22-8101-f9b6f8080a54,APPL-00010,AC,Appliances,800.0,3.0,7/22/2021,7/25/2021,Credit Card
147,9086468f-7b95-41f8-a38b-5cb84d7ef9e0,a85eb699-f2bc-4ed6-b4e7-2437b21560b3,APPL-00001,Chair,Appliances,50.0,10.0,11/11/2021,11/13/2021,PayPal
148,e88eb7eb-c95f-4722-b8f1-c0c72332f23d,5fc550e3-f260-46f3-9eef-bf58b61fae34,CLOT-00002,Skirt,Clothes,50.0,6.0,1/14/2021,1/18/2021,Cash
149,e42024e1-5859-42a9-b1d9-17f67e738f4f,79de9e2e-fbf6-460f-8e66-4f35f8d24d47,CLOT-00003,Shirt,Clothes,30.0,10.0,9/7/2022,9/16/2022,Cash
150,c11e7e9f-5903-4156-acf0-cd2b66b4479a,b3037d12-5671-40ed-916d-5a167a1c1846,APPL-00001,Chair,Appliances,50.0,3.0,9/24/2022,9/30/2022,Cash
154,1b262e50-1fb7-45e1-bb8b-d3c5d48f4210,318bafd7-ae6f-4bf2-825f-c02dc98c396d,CLOT-00005,Pants,Clothes,60.0,2.0,4/25/2021,4/26/2021,Cash
155,5d8a30b1-1fa9-4f70-9a6b-1bc83703da68,5e45ca37-41db-462e-804c-a58e373b7696,ELEC-00001,Phone X,Electronics,800.0,8.0,6/17/2020,6/18/2020,Credit Card
157,e67b7741-8fee-4d31-acf8-aea298d228cc,e531866b-0f26-4aa1-ab4c-c83230f4ba4c,INST-00001,Guitar,Instruments,500.0,1.0,10/17/2021,10/18/2021,PayPal
159,42335125-c693-4883-a18e-1f26e06c7dd3,d579ef0b-1577-40f4-b158-5a96a85a64de,INST-00004,Flute,Instruments,100.0,7.0,2/22/2021,2/28/2021,Unknown
160,a7a42940-e559-4a7f-aac5-9f40e3f055a0,f776bfee-b5e0-4156-852b-02b4d481b032,APPL-00010,AC,Appliances,800.0,1.0,4/22/2022,4/30/2022,PayPal
161,1216f2a3-4ee1-41f1-bd82-3c886aeabe51,5ba3ef4b-cf6d-4d16-af38-e753dfeff67a,APPL-00002,Table,Appliances,200.0,2.0,9/5/2021,9/10/2021,PayPal
162,9e51e973-c70b-4f3a-b2ae-d23fbeb0c7ff,5031f874-5352-4797-bcca-1b2d9636571c,ELEC-00001,Phone X,Electronics,800.0,1.0,7/18/2022,7/18/2022,PayPal
163,1c6080e1-8aa6-4a1c-8f63-8f47f2fe4806,9fa8f8bc-4867-4926-ab7e-42a511fdc030,CLOT-00001,Jacket,Clothes,100.0,1.0,5/10/2022,6/10/2022,PayPal
166,8e00aaec-0401-4d9b-9ec7-948ec6a139c5,d7c6c4e7-3f28-4805-960a-cb23da5c5296,APPL-00005,Rack,Appliances,50.0,10.0,12/18/2022,12/18/2022,Credit Card
168,bb7235b6-9c68-425c-9993-ad4b188a4187,d486ba63-3564-461d-a736-3b4d6df0c18f,APPL-00003,Wardrobe,Appliances,500.0,5.0,10/26/2022,11/1/2022,PayPal
169,50d59dcd-db39-4b84-a3fa-ced971f5a713,0f15a41b-37ae-4cd4-8c71-c62c0db03234,APPL-00012,Freezer,Appliances,800.0,3.0,9/5/2022,9/12/2022,Credit Card
170,19e4bfeb-2c88-412b-900a-effdcd48a90c,3e130da4-68fc-4d9e-bbbd-316cc594236c,APPL-00009,Fridge,Appliances,1000.0,3.0,6/20/2022,6/29/2022,Credit Card
172,3d6629da-8a55-4954-8fef-fae65ce8afea,971f0d11-f5c7-482d-be31-90b094007774,APPL-00008,TV,Appliances,1000.0,10.0,5/31/2021,6/9/2021,Credit Card
173,7f8ae121-1c5d-4e0f-91a8-055565e810b4,971f0d11-f5c7-482d-be31-90b094007774,CLOT-00004,T-Shirt,Clothes,20.0,7.0,2/1/2021,2/6/2021,Unknown
174,d105d6be-1d9d-4d9e-a59d-530c3bb9d5d1,54255d07-ef9e-43f4-9959-030b46d39947,APPL-00005,Rack,Appliances,50.0,7.0,11/22/2021,11/28/2021,Credit Card
175,bb8f3574-af31-4fa9-8f7f-0aa3ffa63222,c8aa7ed1-6478-47cb-9a23-93dc2cabcdf2,APPL-00010,AC,Appliances,800.0,2.0,10/23/2023,10/26/2023,Cash
176,da763205-5e54-4872-8cb1-bb9ef32b2de1,869007a7-8a06-4839-a1db-60d31a2bc215,APPL-00012,Freezer,Appliances,800.0,6.0,8/4/2022,8/5/2022,Cash
177,f2e31b5b-4e97-48ed-addb-cb34352ab304,03481123-19f2-4829-82f2-2aee589b95c4,APPL-00002,Table,Appliances,200.0,6.0,12/20/2020,12/27/2020,Credit Card
180,58caa146-155a-4184-9ae3-48ea70bb0c71,cad16efd-50fd-4183-9ef8-7041c3fa548c,INST-00004,Flute,Instruments,100.0,2.0,12/19/2022,12/20/2022,Unknown
184,934a64fd-625f-41fd-829c-5412064b3e7a,89d8b610-57d0-4e5f-bc5f-7ebe3dc986df,CLOT-00003,Shirt,Clothes,30.0,9.0,7/3/2021,7/3/2021,Credit Card
185,a9007c9f-8960-4c0d-9aa7-b2a3693a1b29,31fcee2f-a976-4a3a-9e58-17c8992d1fb1,INST-00002,Drum,Instruments,1000.0,8.0,1/5/2023,1/7/2023,Credit Card
186,dd343c40-ed41-4d3d-8a9d-4b7b173e6ace,bc953655-f28b-4478-9dac-207c048014ee,APPL-00012,Freezer,Appliances,800.0,9.0,1/18/2022,1/18/2022,Cash
187,5681a317-4e49-4a98-909e-5c030f0d6fe8,2064075b-52bb-432c-9a96-098e03b226be,INST-00004,Flute,Instruments,100.0,9.0,6/16/2023,6/18/2023,PayPal
188,95662042-93db-4c44-80ed-e75661530f8e,4e8365ee-5234-43ea-b240-2d045e9449da,APPL-00007,Bench,Appliances,150.0,3.0,2/15/2021,2/19/2021,Credit Card
189,ea65088b-b08e-4e39-92f8-516e37359d69,94bff9d9-381a-4925-9252-3616926e6293,APPL-00004,Shelves,Appliances,100.0,6.0,3/9/2022,3/13/2022,Cash
191,d96ce3fe-e7aa-48de-ae6b-2777539ebcdb,f69572cd-3bde-4df6-9060-5b4c7cbb513d,ELEC-00002,Laptop A,Electronics,1000.0,9.0,8/26/2022,8/29/2022,Cash
193,f279374f-d980-48a3-bdfa-eca6ba3f63f3,41405e8d-3bbf-4ad1-a396-16fcb99185be,ELEC-00005,Tablet B,Electronics,800.0,7.0,9/1/2022,9/1/2022,Credit Card
194,4d9670e0-59b1-4dcb-abcf-4b56c103825e,8561732f-8f52-42fd-9ce7-94e25015b86b,ELEC-00004,Tablet A,Electronics,400.0,6.0,4/8/2022,4/12/2022,Credit Card
195,b6776e2d-bbf7-474f-ba45-51c5c24c3667,1d7300e7-ec89-4932-80b9-bc0cccf6f079,APPL-00010,AC,Appliances,800.0,9.0,9/14/2021,9/21/2021,Cash
196,32877ea0-9a50-46c1-aca5-fdb28ff7a615,4db83353-2e9e-4776-81bd-a97f2f671813,INST-00005,Piano,Instruments,5000.0,4.0,1/24/2020,1/28/2020,Credit Card
197,031b52bf-4378-4f48-a128-77917780f6ac,c9b1d575-95f8-4cb5-bdbf-9f0edc64d2b8,APPL-00002,Table,Appliances,200.0,8.0,1/10/2021,1/11/2021,PayPal
198,f51323a6-f485-4c82-a725-0c84b50831a5,7ff5fa1c-758c-4c11-bb2d-a74cfa5916e4,ELEC-00003,Laptop B,Electronics,2000.0,3.0,5/30/2023,5/30/2023,Unknown
199,66e6a120-0148-4833-920f-473d16ced4cd,4f4e5e92-812b-4658-b4aa-770f03a9d05f,CLOT-00002,Skirt,Clothes,50.0,2.0,5/18/2023,5/26/2023,Unknown
205,efe90810-30d0-49b7-8e32-3db2289180d4,6d388e4f-e0c1-4f59-ba32-d12914e5fd0b,APPL-00005,Rack,Appliances,50.0,9.0,9/12/2023,9/16/2023,Credit Card
206,6abc5bd8-4179-4763-82d5-b46dfd78f55a,60d52a52-8c78-491f-96bd-3fe4c2a4ed70,CLOT-00003,Shirt,Clothes,30.0,2.0,1/25/2021,2/2/2021,PayPal
210,43e53602-3fc9-4eb5-98ab-e93f00d2db6a,76c9005b-0c8f-46cc-a447-288bc7c0c163,APPL-00012,Freezer,Appliances,800.0,7.0,9/17/2022,9/24/2022,Cash
211,4a98b991-bec4-4711-963d-cf1efbf8595d,b4ac36e2-537e-4996-b433-8a0de0480d60,APPL-00007,Bench,Appliances,150.0,3.0,7/1/2021,7/4/2021,PayPal
212,fb51e3df-6de4-413c-89af-1091f0e9f2da,7623a350-8a8d-4619-a2be-3df557be139a,INST-00005,Piano,Instruments,5000.0,5.0,4/7/2021,4/15/2021,Cash
213,5ebef75f-1347-403a-b6c2-91b5ed4559fa,6935d034-8e5f-4efe-9250-3c356b019cae,APPL-00008,TV,Appliances,1000.0,6.0,7/15/2021,7/19/2021,Credit Card
215,a9e07d39-82f0-4397-ac6f-c1fc43de7c9f,2669f9b4-481d-4132-b6cd-38d9867b0bf3,APPL-00001,Chair,Appliances,50.0,2.0,2/25/2020,2/28/2020,Credit Card
216,7cff33fe-9f26-41df-96cf-c3809f7b2ba1,49ab99fb-c18c-4cb5-9618-3463c674526e,APPL-00007,Bench,Appliances,150.0,2.0,11/21/2022,11/23/2022,Unknown
218,93fdac09-256b-49bb-b62a-0f58f8e747cb,971f0d11-f5c7-482d-be31-90b094007774,ELEC-00002,Laptop A,Electronics,1000.0,5.0,7/19/2022,7/23/2022,PayPal
219,abccf371-e6f3-41b1-8348-96f91f15a3f7,e97a1a92-130d-435a-8bbb-4f0d09a4f860,APPL-00002,Table,Appliances,200.0,8.0,2/11/2023,2/19/2023,Cash
220,c99f907d-55ca-4777-86ec-cceacee74295,2cf48bf2-fd19-4a40-a981-b62771c0e702,ELEC-00005,Tablet B,Electronics,800.0,4.0,7/8/2020,7/16/2020,Credit Card
221,cbe606f7-3151-424e-a406-1e68a84df2af,e41318b7-2a2d-4b1b-ae05-9108b4377789,APPL-00010,AC,Appliances,800.0,4.0,6/3/2020,6/5/2020,Credit Card
222,6490d164-e5fb-47a1-badd-a3b55b50e13c,dca5a6d5-0d60-4ba7-b282-b7e7c2079298,CLOT-00005,Pants,Clothes,60.0,5.0,3/31/2023,4/3/2023,Cash
225,6baa3cb0-9f03-4c4e-a9fa-db6d3f5e4d43,8fe693d3-1ccb-4274-be31-007fe950f79e,CLOT-00004,T-Shirt,Clothes,20.0,3.0,8/22/2021,8/24/2021,PayPal
226,4c6cad50-3099-49b2-919c-4f5af2ae7ae5,5bc5c1ce-edf8-4cdd-ac52-90367a011aba,APPL-00003,Wardrobe,Appliances,500.0,10.0,1/27/2021,1/29/2021,Cash
227,6597dc61-39e8-468d-8169-426657168738,971f0d11-f5c7-482d-be31-90b094007774,INST-00005,Piano,Instruments,5000.0,6.0,9/17/2022,9/18/2022,PayPal
229,a7f7ba59-41cc-4067-b6de-c4d0431e7286,cd8e4205-aa89-4174-a664-45beb6fae02b,APPL-00007,Bench,Appliances,150.0,3.0,1/2/2023,1/9/2023,Cash
230,6c0ef847-5014-41ee-b9b0-e0d552c84d36,e8d5b6ad-163a-4bb3-b44a-1f63ba56a27c,INST-00005,Piano,Instruments,5000.0,6.0,3/7/2022,3/8/2022,Cash
231,ae5fbe9a-a614-4d13-b25d-46226babafa4,37c86cf3-9c89-4f7f-81ad-d897f994070a,CLOT-00001,Jacket,Clothes,100.0,5.0,3/25/2020,3/30/2020,Cash
232,26f29160-9f9a-4924-8d29-1a365e92c853,971f0d11-f5c7-482d-be31-90b094007774,CLOT-00003,Shirt,Clothes,30.0,9.0,2/21/2022,2/24/2022,Cash
233,efd795b9-0699-434c-8e45-476330ff2a47,ebfef189-a83b-4b43-9d82-fee80a79d495,APPL-00008,TV,Appliances,1000.0,3.0,1/1/2021,1/9/2021,Unknown
235,3120f34b-c9c8-412d-86a9-ecee3f655354,4662f316-6501-42da-891c-aa1f99664e74,INST-00005,Piano,Instruments,5000.0,1.0,6/8/2020,6/14/2020,PayPal
236,cb429c0a-5c99-4546-92c8-3ff325053519,81617df3-5373-4f42-9991-5b64192c4662,ELEC-00003,Laptop B,Electronics,2000.0,1.0,6/17/2020,6/22/2020,Credit Card
237,cf8f948a-4743-4f6a-a2f5-9fbe494b383b,c07d330f-bfcf-4dd0-a601-48ee7f0d4f5b,APPL-00012,Freezer,Appliances,800.0,2.0,4/2/2021,4/6/2021,Cash
242,d575aca9-2066-4059-9341-625b979556ee,2ce4f93c-a987-4518-9f19-930efb771898,APPL-00008,TV,Appliances,1000.0,2.0,6/28/2023,7/3/2023,Cash
246,36049c94-9d61-4391-a4de-7bbef407b016,127f6a3a-e728-4cd0-8934-9cb43afd552a,ELEC-00003,Laptop B,Electronics,2000.0,4.0,6/24/2020,6/26/2020,Cash
247,015331a4-ccb4-493f-a62d-c8381e456302,a9c95d43-ba26-4b00-8526-44b4a9b24207,ELEC-00004,Tablet A,Electronics,400.0,6.0,10/17/2023,10/18/2023,PayPal
249,4d4be6f8-92d7-4552-88f9-8a65d867865d,096fce41-92b6-4ffb-ba98-80e43d014ce1,INST-00005,Piano,Instruments,5000.0,4.0,8/30/2022,9/23/2022,Credit Card
251,c01569f5-8a04-4e6f-837a-76e826a67bb0,b0b65783-b5d4-45b1-a964-ef2ddb0633d3,APPL-00005,Rack,Appliances,50.0,10.0,9/22/2021,9/26/2021,PayPal
253,f3e74b2c-e0a0-4c65-9b1e-4f2db43d4afe,7f1d0b3d-6128-4c66-8d4b-2f5111ed5008,CLOT-00005,Pants,Clothes,60.0,4.0,5/31/2022,6/8/2022,Credit Card
254,c0912231-bf98-4462-bf6d-8d464ae1cb49,66d3e5a7-95f9-4709-b8d1-946ffe29b3ee,INST-00005,Piano,Instruments,5000.0,5.0,12/14/2021,12/16/2021,Credit Card
255,8cd2afa3-94d2-43de-8da5-4143b354a827,2404b7dc-8fdb-42db-bf83-11258c0f8a32,CLOT-00005,Pants,Clothes,60.0,6.0,5/13/2020,5/20/2020,Credit Card
256,3b78021f-a9ef-4ae7-b3c3-7b3082d1905b,b3a76e48-272c-49b3-bead-dfead26584c7,INST-00004,Flute,Instruments,100.0,1.0,1/30/2023,2/4/2023,PayPal
258,046f3e07-e521-41f8-8331-b72e1e3dae90,deb7bf53-7281-43c5-9ef0-7eb498decdfa,APPL-00012,Freezer,Appliances,800.0,1.0,11/25/2020,11/25/2020,PayPal
259,fbd431ef-ddbe-4401-9852-95f15d32a390,aa7c9ba1-92e2-4950-a620-e402a399c510,APPL-00005,Rack,Appliances,50.0,8.0,10/2/2023,10/2/2023,Unknown
263,89cfaa13-c999-468d-8287-ff90098267f8,28d581e3-9722-466d-83b5-bb53a68305a9,APPL-00002,Table,Appliances,200.0,4.0,11/19/2021,11/26/2021,PayPal
265,a836f78d-d1a6-4cad-be04-e6800aa641c5,0e9962de-0d8b-4823-96c8-b557253c3f8a,INST-00004,Flute,Instruments,100.0,4.0,6/14/2020,6/17/2020,PayPal
269,a83e7901-c656-478e-88a3-8e7262a29666,cd18480c-de6d-452f-b34f-0954bba87c1a,INST-00004,Flute,Instruments,100.0,5.0,11/11/2020,11/15/2020,Credit Card
271,70cd870a-8b29-4cab-b927-a4bf57d5be49,675c7f11-d1bf-4a26-b8ea-5238b696e39e,APPL-00012,Freezer,Appliances,800.0,9.0,11/19/2021,11/28/2021,PayPal
273,41afb513-7b06-4e0e-9fc7-96295c30a218,16f064e7-e0b1-4715-8287-6b8a5ea9fb88,APPL-00002,Table,Appliances,200.0,6.0,2/25/2023,3/5/2023,Cash
274,0bf684ec-dea5-4c85-b67b-868985986b64,59b7254b-7de7-438f-a02a-4357ef75a711,CLOT-00002,Skirt,Clothes,50.0,1.0,11/15/2022,11/23/2022,PayPal
275,f6d55dfe-c051-4099-9cc0-9fcf59a06870,18ea417f-cde8-40d9-899a-282f3d6f8932,ELEC-00001,Phone X,Electronics,800.0,6.0,4/14/2021,4/19/2021,Cash
277,338e0c70-955a-4012-afd6-7eec89a9df94,cc11cd94-3e00-48c6-a64b-c4e7809ca70b,APPL-00004,Shelves,Appliances,100.0,4.0,1/26/2023,1/27/2023,PayPal
278,3344fe2d-446b-4f23-add8-909451beab93,e3e2766b-6469-42c6-90f2-092914e86b24,ELEC-00005,Tablet B,Electronics,800.0,3.0,6/14/2020,6/16/2020,Credit Card
279,ab3bac6f-4685-4bb4-924c-cc551c21906c,8afb3288-3fca-4131-afd2-661e6086ad8e,ELEC-00001,Phone X,Electronics,800.0,2.0,6/11/2021,6/18/2021,Credit Card
281,00ad7f3e-2169-475f-a45c-2b265c214a1f,85a828e6-e883-4c8c-93a9-07ffe893111e,APPL-00001,Chair,Appliances,50.0,5.0,6/23/2022,6/28/2022,Credit Card
282,80ba0941-0a7f-4496-a6ec-01398b48d13e,13fda308-f6cc-41b3-859c-e94318db81a9,ELEC-00003,Laptop B,Electronics,2000.0,5.0,7/16/2022,7/18/2022,Credit Card
285,aa48bc8a-7991-4df5-bb89-7f7216182e69,1da25392-c48d-4314-8f5f-8e9427a864af,INST-00003,Bass,Instruments,600.0,9.0,2/19/2023,2/25/2023,Unknown
286,82ab45b4-85fb-40a8-b308-5654a829f3bc,ce8029bc-4a9a-42c6-9807-f7992126cb20,APPL-00012,Freezer,Appliances,800.0,9.0,4/14/2021,4/21/2021,Cash
287,efb7bfc7-a402-4e08-aa57-713391049f16,099f7a54-7be7-4ba9-8ff6-226aeda26c80,APPL-00010,AC,Appliances,800.0,5.0,3/3/2023,3/12/2023,PayPal
288,26527364-0028-4ab2-9de8-b7da97903b8c,b541b15e-3808-4b90-960b-60d4926ea73a,APPL-00004,Shelves,Appliances,100.0,7.0,7/2/2021,7/10/2021,Credit Card
289,8870a2a2-6dcc-48be-aba5-13f15e8b8b3f,f52e7b62-737f-43b1-9ad7-82f364843eaa,APPL-00002,Table,Appliances,200.0,10.0,5/17/2022,5/18/2022,Cash
290,4064b4aa-83e9-47c9-acea-239a917ee332,34e10f8c-9be0-455d-b5ae-05c9b3f72352,ELEC-00003,Laptop B,Electronics,2000.0,10.0,12/15/2022,12/23/2022,PayPal
292,68023fab-34fc-4bc4-9050-ec270ac02ec8,f44e53d1-acba-48af-8b9c-4288d8f138a4,CLOT-00003,Shirt,Clothes,30.0,3.0,10/7/2020,10/14/2020,PayPal
294,b1577f48-9902-419e-b765-7db42b2c0b13,d325ddfa-2cf4-4e6c-865f-739bf3c8921b,APPL-00004,Shelves,Appliances,100.0,10.0,8/25/2023,8/31/2023,PayPal
295,3c656073-04da-4d2e-a481-952c3799de91,f4f86f5a-ae3b-479d-a59f-41eb6a6d67a2,APPL-00001,Chair,Appliances,50.0,2.0,7/16/2020,7/16/2020,Cash
296,f0238c25-4bbb-474b-8b95-e3a1600a533b,a55088fd-16d1-46d4-aafc-faae2143ca08,APPL-00006,Stool,Appliances,30.0,9.0,4/17/2020,4/18/2020,Credit Card
298,61618eae-6c8c-429e-98a3-13964af445f0,e64ac7b4-9bdf-4ecd-81a6-657f4cfc945e,APPL-00008,TV,Appliances,1000.0,7.0,9/2/2020,9/5/2020,Cash
299,7b4ef030-aae3-4f55-85ba-52f3013259b6,51f76a52-e726-4c7e-bd84-f983e2644eb7,APPL-00006,Stool,Appliances,30.0,1.0,7/27/2021,7/29/2021,PayPal
300,1a6ecccd-5f10-44f3-a0fd-20321e2e094f,9a0f76b1-9225-4863-8bd4-62559e279afb,CLOT-00005,Pants,Clothes,60.0,9.0,10/20/2021,10/23/2021,PayPal
301,04c52ef0-ff92-47b8-91ca-f205e11c31ff,e66f42c6-3e6d-4156-8d18-71d75de056da,INST-00003,Bass,Instruments,600.0,3.0,3/21/2020,3/25/2020,Unknown
303,915c8b89-4d57-4d58-9802-54be12929bac,7952ed22-095f-4e9b-8ef2-193826ece842,CLOT-00005,Pants,Clothes,60.0,1.0,6/2/2022,6/5/2022,Credit Card
304,e85103d1-8542-458a-8cc7-f062558b84cf,60d8563b-d98f-4beb-a58f-03ccc47d2061,APPL-00010,AC,Appliances,800.0,10.0,10/21/2022,10/25/2022,PayPal
307,a9370ede-e2d8-498d-aea7-d01cc1213a52,ca84f4a0-78b6-4cbf-9400-0b6c05b38720,ELEC-00005,Tablet B,Electronics,800.0,1.0,9/28/2022,9/30/2022,Cash
308,1cf07244-2bd7-4254-89e6-438e4bc10100,21eaf3a3-f38e-4ad3-9999-1608475a2be1,APPL-00007,Bench,Appliances,150.0,8.0,10/21/2022,10/26/2022,Unknown
310,c11dcd12-0785-4a8b-9bcc-c12b8525146f,f8882063-687c-4804-a560-58ec419b1751,APPL-00003,Wardrobe,Appliances,500.0,3.0,10/25/2023,11/3/2023,PayPal
311,875dcf96-7144-4413-9c25-217749f278a2,108737b3-89c2-40f4-a5ab-9151c74ef6b3,APPL-00006,Stool,Appliances,30.0,10.0,7/20/2022,7/23/2022,Cash
313,53f25e83-f942-4048-b841-ca0ecb0485b7,0fe20beb-0c60-400b-903c-fcca0a2f08bb,APPL-00008,TV,Appliances,1000.0,6.0,8/23/2022,8/27/2022,Cash
314,97f5fc39-6575-45a8-b558-badb5a8dd89b,36824242-b7fa-49d5-a3d1-1d87d27e521d,APPL-00005,Rack,Appliances,50.0,5.0,8/3/2020,8/6/2020,Credit Card
316,a71d6468-5d5d-4cc5-b628-97dbae20916d,f4b6b614-0fc1-49d3-9748-e6fb2a13f2f5,CLOT-00003,Shirt,Clothes,30.0,5.0,3/24/2022,3/29/2022,Cash
317,30bd7af0-1034-41bb-aa02-8c99e215a856,e20fb55d-dc8d-4393-8eb1-ea7bff552727,ELEC-00004,Tablet A,Electronics,400.0,9.0,9/2/2020,9/10/2020,PayPal
318,7ca9150d-2e19-4891-bfa3-fc4c3cf91761,359c6043-0a70-4510-a618-00f68439165a,CLOT-00005,Pants,Clothes,60.0,4.0,5/7/2022,5/9/2022,PayPal
322,52a9f9d0-f31f-4a20-9224-a3d2a11cc78c,3ee773c1-6bfc-4530-af8d-07ee3875aba3,INST-00005,Piano,Instruments,5000.0,10.0,5/25/2020,6/1/2020,Credit Card
323,934b2f98-1825-4292-8074-a4b5135a8168,36976a46-75a0-44ce-8b7a-48ca1514e1c6,APPL-00011,Microwave,Appliances,200.0,10.0,8/9/2023,8/13/2023,Cash
328,eaa4318f-930f-4d59-b1c7-3da57cc15d90,fc7152e2-fa0d-46da-aa13-e30df3deddb3,ELEC-00004,Tablet A,Electronics,400.0,8.0,11/30/2022,12/1/2022,Unknown
329,c798b106-930b-4305-9b70-6f695acad5c3,f51dc92f-2d70-4067-81a9-6de4e56c44ae,APPL-00011,Microwave,Appliances,200.0,8.0,3/26/2023,4/30/2023,Cash
330,40b1062b-1f4d-424e-9a88-08e10299ee88,60d443e5-a085-4f1f-84cf-673cddb80f23,CLOT-00002,Skirt,Clothes,50.0,3.0,3/13/2020,3/21/2020,Cash
332,f24b42a1-3d80-4960-8b9b-23c71c403a20,37764780-0399-4eca-8d9e-cbd8c41b6bfe,ELEC-00004,Tablet A,Electronics,400.0,3.0,2/10/2023,2/10/2023,Credit Card
335,98f64dd3-9e3a-4660-a1ff-a7c410c196a0,0452d744-d3a1-41e1-a084-99807df7c32d,APPL-00010,AC,Appliances,800.0,3.0,9/8/2022,9/10/2022,Credit Card
336,6aead908-4ce1-4905-8597-9c5af8f04262,837deed1-b1b9-4367-b962-e38777f7deb4,INST-00005,Piano,Instruments,5000.0,2.0,5/14/2022,5/22/2022,Credit Card
337,c9835308-7535-4120-8155-7aff53e2093a,295c36e7-225b-432d-b723-726aee26dcc4,CLOT-00001,Jacket,Clothes,100.0,10.0,7/31/2020,8/9/2020,Unknown
338,5fac4c79-951b-44f3-b923-d7999e66ed3b,4c90bc11-bacf-44df-877b-dfb52f94a951,CLOT-00002,Skirt,Clothes,50.0,2.0,11/15/2021,11/20/2021,PayPal
339,7902f2d3-316e-4765-8f73-6b3d4fc94e22,e3b2394f-3113-4e1f-87e5-bc2b30061048,CLOT-00001,Jacket,Clothes,100.0,4.0,3/21/2021,3/27/2021,Credit Card
340,680617ed-304c-435c-b7f3-b44ba19e64eb,5e984b24-8bc4-4761-8531-30e143a9cbe6,APPL-00001,Chair,Appliances,50.0,4.0,2/2/2022,2/3/2022,Cash
341,80f08101-2748-4332-994c-6c0224c90d77,1b4d8768-3ab7-44a0-aa4e-0f43cf50df0c,INST-00003,Bass,Instruments,600.0,8.0,5/28/2021,5/31/2021,Credit Card
343,0ab035ed-98b7-4590-a4fe-2d35ff8f67bf,7ccfc652-9618-4345-961a-c5c699a7e8d0,ELEC-00004,Tablet A,Electronics,400.0,10.0,9/23/2022,9/24/2022,Cash
345,4ff8a826-8625-4fab-8984-2f5079297fac,86c48be8-5732-4dbb-84aa-f67770dc7df9,APPL-00001,Chair,Appliances,50.0,5.0,8/12/2021,8/14/2021,PayPal
347,63e676c2-c1a5-42c2-b345-0fd42a9259ba,665d1bab-70da-4f1b-aaa9-b476f3a01df5,APPL-00010,AC,Appliances,800.0,3.0,9/14/2021,9/19/2021,Credit Card
348,8dfaca1f-a505-4ee3-b094-f2cdaa44f418,f4d90d33-10c8-4c46-b2b8-ab0d20e6c6de,APPL-00001,Chair,Appliances,50.0,10.0,4/12/2023,4/12/2023,Unknown
349,928f831d-0379-4991-8dcf-96c3b7924f44,7658c9dd-1b05-475a-b15b-22ceb92ead37,ELEC-00005,Tablet B,Electronics,800.0,10.0,8/18/2020,8/25/2020,PayPal
350,d4643c23-6283-4da1-9dbe-a522f2bf33e6,30c6f1bb-5432-4300-8d20-550d56582232,APPL-00004,Shelves,Appliances,100.0,7.0,1/19/2022,1/22/2022,Cash
352,10290bcf-a37e-4030-a80b-44b43171f90c,1b8d99d1-6bb6-4f0d-8ffb-32231ab96b8a,ELEC-00001,Phone X,Electronics,800.0,5.0,4/4/2021,4/9/2021,Unknown
353,a129b10c-5547-4967-84c9-e115ad639237,a1836115-b082-4fa0-b8f2-c2e47978215f,APPL-00003,Wardrobe,Appliances,500.0,10.0,2/11/2021,2/13/2021,Credit Card
354,042d93ba-ea6c-4a48-b5d7-97fc327f72db,254fc254-b774-4b44-9049-dc1a3fb2d979,INST-00005,Piano,Instruments,5000.0,6.0,1/11/2020,1/12/2020,Credit Card
355,286c021f-d79f-4f4f-a075-d9bbd90f01b7,b8feaaf9-be61-448c-bc5a-a0db045d4d3a,APPL-00009,Fridge,Appliances,1000.0,4.0,6/8/2022,6/11/2022,PayPal
357,6b0d0db1-59d4-41f7-94fb-e8c6af1a4c8e,f82eb1de-55b4-480a-8106-ca8f313b9be4,CLOT-00001,Jacket,Clothes,100.0,10.0,6/6/2023,6/10/2023,Credit Card
362,177e478c-c92e-423b-bfdb-94d12b508ca6,bc3e1966-97b5-428c-85b4-40a896db9837,CLOT-00001,Jacket,Clothes,100.0,8.0,8/4/2020,8/6/2020,PayPal
363,da643685-9c62-4d78-ab53-b317cd86188d,d3861e9a-c928-4da9-a461-75cf4409abcd,APPL-00004,Shelves,Appliances,100.0,3.0,9/27/2021,9/29/2021,PayPal
364,570ebdc5-abae-4ba3-a5d0-b19a3d483a1b,c5a461d8-df17-41d2-846e-d2facf489879,INST-00004,Flute,Instruments,100.0,9.0,2/25/2020,3/4/2020,Credit Card
366,ce942bab-736d-43b6-b674-d47eb096871f,f8ef6648-9211-41e9-a9dc-3501e3e530c3,APPL-00001,Chair,Appliances,50.0,8.0,7/21/2023,7/30/2023,Credit Card
367,fc150943-e394-4c38-84b1-be7e8162ad06,ef3cc956-66c7-4dea-a9a4-c776115bb4e9,APPL-00004,Shelves,Appliances,100.0,4.0,4/23/2020,4/27/2020,PayPal
369,8617cec7-3e71-44df-9339-0ecfbcb6295c,2ec9dee6-290c-4328-8f90-5c39a7e8930c,CLOT-00003,Shirt,Clothes,30.0,1.0,1/1/2022,1/9/2022,PayPal
372,e5f68e62-45cc-4c4b-9a6f-f734827098fe,e813fd49-635f-4286-892a-4e9012042852,CLOT-00003,Shirt,Clothes,30.0,8.0,5/18/2020,5/18/2020,Cash
373,5295819e-a83c-4da3-b4fb-935ff7129552,ca1a4351-8d0a-400f-9016-bbe2388b7ba5,APPL-00012,Freezer,Appliances,800.0,2.0,1/23/2021,2/1/2021,Credit Card
374,48539140-7b80-48ac-b558-28aabb0f6142,2a4b47e3-eca0-4eeb-a89b-112f03111325,INST-00003,Bass,Instruments,600.0,1.0,7/14/2022,7/20/2022,Cash
375,8b275bd4-fda0-4cdb-be08-ecd8d18d4631,bb19125b-bb84-49e1-b038-ba0e7d1acf6a,CLOT-00003,Shirt,Clothes,30.0,8.0,1/29/2022,2/3/2022,PayPal
376,05536c48-820c-41f4-a7a1-564b6dce1422,0e520178-08ec-417c-96d7-32f860d3790b,APPL-00007,Bench,Appliances,150.0,4.0,7/25/2021,8/2/2021,PayPal
377,ee4c7d15-fc6d-4ad7-b1c6-7cab2ab18ae5,3617acf0-231c-4bab-9cbb-0c784a2662d6,CLOT-00004,T-Shirt,Clothes,20.0,9.0,11/19/2021,11/25/2021,Unknown
378,c0921036-847f-4b14-83fc-526225dd844d,4e6d7b9b-a05c-4d08-9acb-18f5ba7567c2,APPL-00007,Bench,Appliances,150.0,8.0,2/18/2020,2/21/2020,PayPal
380,e0cdf827-72e1-40b1-9a20-73271919d89b,a8737005-bf21-426e-b9aa-ec6f21113e94,INST-00003,Bass,Instruments,600.0,5.0,9/20/2021,9/20/2021,Cash
381,4052af2b-26c6-40cc-bcd1-a5c9f7dbeff5,42c420e5-0053-4dad-b1a5-b2dec8eb51d1,CLOT-00004,T-Shirt,Clothes,20.0,1.0,6/11/2020,6/16/2020,Credit Card
382,6a8b5629-6e0c-45ef-ae19-6a991827565b,a4aab05b-8549-46a9-88db-d0f719d467cb,CLOT-00003,Shirt,Clothes,30.0,3.0,12/29/2020,1/6/2021,Credit Card
383,38a1c1bb-ab0e-42e2-9a45-5c08e70c6636,47ed2f51-1f46-4f68-837d-ae57ad0e8911,CLOT-00002,Skirt,Clothes,50.0,7.0,10/7/2022,10/12/2022,PayPal
384,4903f0c4-f627-42a8-b7a5-f3ab6174744a,11084415-6db2-4009-a191-592dbd3453ca,CLOT-00002,Skirt,Clothes,50.0,10.0,1/27/2023,2/4/2023,Cash
386,4eab7301-e407-480e-a232-6e456b7d61c2,a0ae9f7b-a4d6-4560-8abe-b400dc6ca8ae,APPL-00004,Shelves,Appliances,100.0,5.0,3/5/2020,3/5/2020,Credit Card
387,e1d71e0a-eb52-49fe-acd6-62f33c371e49,a3e0a204-1596-4eba-823c-fd7250549017,ELEC-00005,Tablet B,Electronics,800.0,8.0,2/7/2021,2/11/2021,Cash
388,c8f32dd9-0bc9-47b1-9cc5-55ff8afd850c,5e02bba0-20ca-4453-9dd8-dbd4922656b8,APPL-00004,Shelves,Appliances,100.0,2.0,11/7/2021,11/11/2021,Cash
389,d98c79e5-5e51-4b50-ace9-62196d7a6de2,e1fb410a-87b2-4ff1-8b05-39c16911356a,CLOT-00005,Pants,Clothes,60.0,3.0,5/6/2020,5/10/2020,PayPal
390,82344fbd-fb57-4430-80c8-9878ce1d703b,94ea8cf4-258b-4d3c-a9a4-d099acbbdfa4,INST-00001,Guitar,Instruments,500.0,7.0,8/4/2021,8/12/2021,Unknown
393,6e8faea1-504f-4dbf-822b-26cc4e1a24cb,5e9d64b7-e715-409d-bf5f-2a0f55dab7a8,INST-00003,Bass,Instruments,600.0,9.0,8/28/2022,8/31/2022,Credit Card
395,5c878424-b7f4-4562-9596-5adb82aba34a,7b825b0e-0ecd-480c-ad79-eb7d0faa04ab,INST-00005,Piano,Instruments,5000.0,1.0,8/22/2023,8/31/2023,Credit Card
397,cdf5be69-0824-491d-aaf5-3d8b45a3adf9,f3ae325c-dbfe-4588-b876-d11307bbef44,INST-00002,Drum,Instruments,1000.0,2.0,3/24/2021,3/31/2021,PayPal
398,4f9a10ad-2a2c-4cdd-9fb8-2c2487dfde0e,3f13f2b6-9fa5-4355-8fd3-f2e6bc9a707a,APPL-00005,Rack,Appliances,50.0,8.0,8/2/2022,8/4/2022,PayPal
399,9ebe0698-039a-4160-a87a-783cb7a671b0,de474bee-3a47-4f27-ace7-ba1a37ac92ad,APPL-00007,Bench,Appliances,150.0,5.0,2/17/2022,2/24/2022,Credit Card
400,68d2b0e6-50c4-4814-b238-bd824bcd5a37,6cc5882f-9403-4911-800d-21d32e865668,ELEC-00003,Laptop B,Electronics,2000.0,1.0,3/24/2021,3/31/2021,PayPal
401,75298853-1a5a-4df8-95cd-f5674100c4cb,81c265a6-069c-4377-b0d6-d9ee4e70f5ca,APPL-00001,Chair,Appliances,50.0,1.0,9/24/2020,10/1/2020,Cash
405,9ee8b5da-fc6a-4e27-94ea-2f025517ff30,6b21ecfd-9dff-44b7-af16-fdcf6621d3c8,APPL-00007,Bench,Appliances,150.0,5.0,7/30/2022,8/4/2022,PayPal
406,7a301f08-4e1b-417d-bfa8-1191ff6da826,4fe26884-ceb8-40cf-b06b-51503b348bc6,APPL-00012,Freezer,Appliances,800.0,7.0,1/30/2021,2/1/2021,Credit Card
408,4e130bd1-86f9-48be-9c9e-0a5dee7e5baf,18d17edd-301e-432a-a6ad-a9c0f6117045,APPL-00002,Table,Appliances,200.0,1.0,5/26/2022,5/27/2022,PayPal
409,605cbcf8-a9c0-448c-8c86-2f64e5db0061,7d943c87-71bb-495a-9ab8-7e89d87d9bad,INST-00001,Guitar,Instruments,500.0,3.0,5/22/2023,5/24/2023,Credit Card
410,60213fae-fa35-4733-8146-ebf7dd07f4d5,348a90fe-104d-4e32-8a3b-c4f2e1c0a4f5,APPL-00005,Rack,Appliances,50.0,3.0,3/27/2021,4/5/2021,Credit Card
411,fb35bd34-6ef8-45de-95b6-258224b47ff7,cb07d52c-6bf5-4aa0-9808-64236255dfcd,APPL-00002,Table,Appliances,200.0,2.0,1/23/2021,1/26/2021,Cash
414,8b4ad2be-05a6-4f93-b873-ab2677d2651c,6268e2bb-05ec-4253-aae0-62e7233d1b6a,INST-00002,Drum,Instruments,1000.0,10.0,10/16/2022,10/16/2022,Unknown
415,999822c7-a686-4518-b155-c9c3676dd3e4,09ac6261-43f0-4891-9fa3-d034b4553128,INST-00002,Drum,Instruments,1000.0,7.0,10/31/2022,11/6/2022,Cash
416,bc33e7b3-2238-4ce7-bb48-6f6c5ec19df0,876462f3-84d3-42ed-ab3f-dccc208855ba,CLOT-00001,Jacket,Clothes,100.0,3.0,7/6/2021,7/6/2021,PayPal
418,71d9549b-7572-4c13-bf53-bf36658cd7f2,de88b77d-f319-4487-9963-e0f8409b0b40,INST-00005,Piano,Instruments,5000.0,3.0,12/11/2022,12/16/2022,Credit Card
419,fddd8b2b-9df5-4e39-a91d-6c4d91c88a9d,23d41ea3-e85e-4fe6-b4a6-50804724ae5b,APPL-00004,Shelves,Appliances,100.0,1.0,3/18/2020,3/27/2020,Unknown
421,791acf6b-d068-4eaa-8130-9fbe7fc655ed,385cdca9-3b08-4617-8e6a-45457e03a105,ELEC-00002,Laptop A,Electronics,1000.0,6.0,11/24/2022,12/29/2022,Cash
423,a551fe51-b2d2-47d2-b855-cf46cfea3dd2,6daddacd-de6e-47eb-b91f-bdad893aed22,CLOT-00003,Shirt,Clothes,30.0,5.0,4/25/2022,5/4/2022,PayPal
424,b93bfb0d-f9b3-4e44-adc9-a6b12c3ec2d5,ee39ee10-dbc5-4b55-bcdf-72fff9d37bfa,APPL-00003,Wardrobe,Appliances,500.0,9.0,1/19/2020,1/27/2020,Unknown
425,395fefd0-3422-426f-a507-f3cb3cd7ef57,66e6de71-aeb3-4582-857a-c4672ba2e668,APPL-00012,Freezer,Appliances,800.0,10.0,6/23/2020,6/24/2020,Cash
426,ecfe3ad9-78c3-4d87-b533-d4244928f0a6,88868c2f-ac93-4806-9abf-deb0e26221ae,ELEC-00004,Tablet A,Electronics,400.0,8.0,4/25/2020,5/1/2020,PayPal
429,41257850-f5e2-4ffe-87b4-042f814f0e90,d81bf10b-b56d-48ca-b521-6313e9c1ead1,INST-00004,Flute,Instruments,100.0,4.0,5/5/2021,5/12/2021,Cash
431,a96fd4bc-cfcc-42f1-b203-cb476cd0b6bf,2214dc1d-9134-41aa-8b53-892be6603c47,ELEC-00001,Phone X,Electronics,800.0,6.0,1/5/2021,1/11/2021,PayPal
432,076db245-426d-4eaa-979d-9e5d9d20fce4,ea4b92a3-2a09-4d5a-b2f2-4a541f431260,ELEC-00002,Laptop A,Electronics,1000.0,5.0,10/10/2023,10/12/2023,PayPal
434,c2ce7a6e-ad84-47f5-ad26-02fcf907c43a,a0cca6c7-d3bf-45a3-ac00-df0c2503436c,CLOT-00003,Shirt,Clothes,30.0,8.0,9/1/2020,9/8/2020,PayPal
435,71103199-6be7-414e-882d-7162b5df1cbe,f5a45851-0b8f-48bc-b4e7-410cec23b6c4,APPL-00007,Bench,Appliances,150.0,2.0,2/2/2022,2/5/2022,PayPal
436,15d5ee92-614f-439f-92e4-3bc79395ac4b,4b1222a5-a85a-4649-bbd7-f495941a0264,CLOT-00002,Skirt,Clothes,50.0,4.0,11/8/2020,11/13/2020,Unknown
440,d7493946-0d19-4c0e-a037-a985061a6f4f,0e6831fc-a7a4-41b4-b861-41f747702832,CLOT-00001,Jacket,Clothes,100.0,1.0,2/12/2021,2/21/2021,Cash
441,aae74182-9a19-45e4-a877-ae2f7bc6da45,5e954335-7e6b-454b-91a1-6c0befa7b1b4,CLOT-00003,Shirt,Clothes,30.0,5.0,11/20/2022,11/21/2022,PayPal
442,13b331a2-d466-45fa-880d-6397d92f0cf0,224213c1-2af8-4ed2-850a-440ec7e6752d,INST-00004,Flute,Instruments,100.0,5.0,8/16/2023,8/25/2023,Unknown
443,09b1775e-fd10-4d1f-89e8-9c53da3dca8e,3f68609a-55f8-40c1-bbd9-0998d20f70b5,APPL-00007,Bench,Appliances,150.0,10.0,6/2/2020,6/4/2020,PayPal
444,e9ae4e3c-c8b5-48b3-9051-de534771e25b,b35230d0-c99f-4244-b56c-6e99d1d77443,CLOT-00001,Jacket,Clothes,100.0,8.0,5/18/2023,5/23/2023,Unknown
445,77ccb5ec-e489-46c1-8400-b1aafbd14ecc,19e603a7-b7c2-49b5-88a8-5c4a3c6610db,APPL-00004,Shelves,Appliances,100.0,7.0,10/29/2020,11/1/2020,PayPal
446,7ea46e17-023c-433c-a346-9292ca5c4de0,05adfafc-0d90-4a9c-a4a3-ffde5e0760fc,APPL-00002,Table,Appliances,200.0,4.0,10/10/2021,10/18/2021,Credit Card
447,9073f99c-cec4-47fa-8e62-37cde30ff935,aa3f1c7d-5a2e-40d2-86ae-27cd592f15d4,ELEC-00004,Tablet A,Electronics,400.0,4.0,10/11/2020,10/12/2020,Credit Card
448,bb70f193-aa76-42fe-831f-6ab53c18648f,e0c48ad7-db26-4bdd-b73f-9888463be9f9,APPL-00012,Freezer,Appliances,800.0,6.0,6/5/2023,6/5/2023,PayPal
449,f65cc785-88ec-45ca-9482-58851992fc32,2fd75fa1-e6af-48c6-90b3-709925f64ce3,APPL-00007,Bench,Appliances,150.0,2.0,10/9/2022,10/15/2022,Cash
450,db59b901-454a-498f-aabf-8cf3fe281646,459e3eb7-34a8-451a-be37-ce7eabfbe4a6,APPL-00007,Bench,Appliances,150.0,7.0,7/16/2023,7/25/2023,Credit Card
451,911cbb63-edd9-409e-af7a-91e3588d5756,5248e098-65c0-4162-bc96-b1c7802ee451,CLOT-00004,T-Shirt,Clothes,20.0,1.0,11/13/2023,11/13/2023,Cash
452,a5715872-676e-4389-bd67-85b4f26eceac,2db1e856-8010-417a-aee3-20e6a2524fca,CLOT-00001,Jacket,Clothes,100.0,5.0,10/6/2022,10/9/2022,Credit Card
453,5a6a019e-24d4-4bc8-ad25-500af2552ca3,04574f42-25a9-4685-ab0f-c6c6355ef302,INST-00001,Guitar,Instruments,500.0,10.0,8/26/2021,8/27/2021,Cash
454,629c2e46-a0fa-4a3a-bd30-2b58ab1855b1,362583cd-8cc9-476f-8c07-1058aeb61bd3,INST-00005,Piano,Instruments,5000.0,9.0,12/28/2020,1/2/2021,Cash
455,4038d6b2-8e1c-4c4f-8f9d-8d42b70d3127,fd457185-f6d2-4985-b0a9-a76d245ae186,CLOT-00005,Pants,Clothes,60.0,2.0,4/14/2021,4/14/2021,Cash
458,42d4059a-5611-41fa-8262-9839f79dc99e,c93d1cbe-bcd9-4c31-a72a-6f62d40806ee,ELEC-00003,Laptop B,Electronics,2000.0,9.0,1/17/2023,1/24/2023,Cash
460,418606eb-71f5-4490-a105-0457d5aa17a8,8d540da1-dd80-4b9c-b276-666103b1ea22,INST-00003,Bass,Instruments,600.0,4.0,12/24/2021,1/2/2022,Unknown
461,219a6337-1000-4554-a803-305195d6fb81,6d914d7a-ec6c-4c0b-8527-cf6a46e76b66,APPL-00003,Wardrobe,Appliances,500.0,4.0,1/14/2023,1/21/2023,Cash
462,2c8ceaab-03cb-4e77-b814-b8bcfbd3c57b,a18eeb93-8137-4bdf-8c2d-447c17cdec20,INST-00001,Guitar,Instruments,500.0,7.0,10/25/2020,10/27/2020,Credit Card
464,dbc8aba1-bfec-4575-8eec-73312c0b4f20,704993ec-e682-449e-9f36-b0637d3a2219,CLOT-00005,Pants,Clothes,60.0,6.0,7/19/2020,7/20/2020,Unknown
465,5890c963-4c63-4aff-9e59-0695b9a0eeac,301e58bd-3947-4481-b2ab-21bde65f1110,APPL-00009,Fridge,Appliances,1000.0,6.0,11/29/2020,12/5/2020,Unknown
466,bd441239-f0fc-4a6a-8fb1-880f76e5455f,e97c7724-3c1d-4bec-9b85-22497d50b88f,ELEC-00002,Laptop A,Electronics,1000.0,8.0,3/17/2021,3/18/2021,Credit Card
467,26453056-0f83-4cb9-9d85-64a81eb7d8c9,14ae1dd2-e275-43e2-8340-8896c5dd41c5,APPL-00009,Fridge,Appliances,1000.0,6.0,4/27/2023,5/4/2023,PayPal
468,4a7ae086-56a8-4077-9bbe-f47b685323bc,45ec4594-6324-4fee-973f-53b8313d1101,ELEC-00002,Laptop A,Electronics,1000.0,6.0,10/29/2021,11/2/2021,PayPal
470,c9c5915f-24ee-4074-abf1-1e39e617d806,285d74c6-7ee9-482f-81ff-164cad671b3e,CLOT-00003,Shirt,Clothes,30.0,10.0,2/2/2020,2/3/2020,Cash
471,c15bd4e8-fcf9-4723-917d-19507b20d67c,17b49dea-dac4-4720-9251-767d9fba30cb,APPL-00009,Fridge,Appliances,1000.0,4.0,10/3/2023,10/9/2023,Cash
472,932c785d-e13d-4d1e-a175-75c4095274fc,24cf5dba-30fc-469b-a0c6-15a6547f5aca,APPL-00002,Table,Appliances,200.0,10.0,5/19/2022,5/25/2022,Credit Card
473,1c2a109c-01b4-4c16-a246-19ef3987b20a,3a1284d1-37b9-4a09-b590-3f94bd062e4c,APPL-00006,Stool,Appliances,30.0,9.0,1/6/2020,1/11/2020,Credit Card
474,6e138813-2938-4a55-8272-bf18ecd38506,700c00f8-e756-4696-a3e7-3786b85575a1,APPL-00011,Microwave,Appliances,200.0,5.0,10/10/2023,10/17/2023,Credit Card
475,637cee1c-685a-4de1-9a37-d7451e170f27,8a35738d-128b-4d12-adb7-b5cdbdb2a002,ELEC-00003,Laptop B,Electronics,2000.0,1.0,5/14/2022,5/22/2022,Credit Card
477,b07b8a3e-05db-4390-8055-c15ae2b8ef9c,86a2a0e1-0c6c-45ca-a581-68b2c8328ce4,INST-00004,Flute,Instruments,100.0,9.0,11/14/2020,11/16/2020,PayPal
478,4b505fee-2a32-4dcd-af61-ee63f59dc6a3,1257f1ab-ed24-4190-97e5-d48b4262b881,APPL-00004,Shelves,Appliances,100.0,2.0,4/24/2023,4/25/2023,Cash
479,1bd28dc9-a7ec-4288-8b9f-83620886913f,532eff8a-cf00-477e-a61c-6ab783bfed58,APPL-00009,Fridge,Appliances,1000.0,1.0,10/24/2021,10/30/2021,Cash
480,20a22633-f158-4946-8ef9-7f91b4212a69,d71df550-e448-4375-8636-6fb72a7751f0,ELEC-00001,Phone X,Electronics,800.0,1.0,4/16/2023,4/24/2023,PayPal
483,4d8760d9-5444-401c-8e1d-6a4f4d8e3d4e,fa312020-721e-4f7d-ad9a-fb5fd050002f,CLOT-00001,Jacket,Clothes,100.0,8.0,3/3/2023,3/6/2023,Cash
484,960dada2-789c-4cff-a0d1-42bda93469b4,08b59c3a-fb3d-4b84-85c1-9c5e03ebd9d9,CLOT-00002,Skirt,Clothes,50.0,3.0,8/26/2021,8/30/2021,Credit Card
485,4e10a586-7d57-4f51-b16d-aabcd52d7b94,7072f5a5-3396-42b8-8863-98cd2d485e20,APPL-00001,Chair,Appliances,50.0,1.0,8/15/2021,8/23/2021,Unknown
486,7e051fb4-c5dd-4de9-8861-2d907b949189,1078220d-5e0e-4721-826e-7dd3fd7eafff,APPL-00006,Stool,Appliances,30.0,2.0,8/8/2023,8/11/2023,Cash
487,81add0f6-579e-48a6-a665-fb6ac202eb3b,d36e9f4c-4800-4de7-a56e-ae4ec291d2de,ELEC-00002,Laptop A,Electronics,1000.0,8.0,1/8/2020,1/8/2020,PayPal
488,7f913f9c-bbd2-44c5-a210-0142de132d47,7396ad86-485e-46a5-97f4-0aaee3504456,CLOT-00004,T-Shirt,Clothes,20.0,10.0,4/23/2020,4/24/2020,PayPal
490,4f34e59b-8f1c-476b-b33e-d24f6b8cbd93,7f962b8d-d397-4d51-b0bb-96b7edb86ab5,APPL-00001,Chair,Appliances,50.0,1.0,6/8/2020,6/11/2020,Unknown
491,cd53d3ff-2120-41e2-b364-e111c95448c2,2e314e7c-1b8d-4906-9dc6-20eac741e483,APPL-00004,Shelves,Appliances,100.0,9.0,2/19/2023,2/23/2023,Cash
492,28a7e9a1-3fe9-46b2-9171-855162b8000e,930a3461-02b2-45ad-bf92-a3477949b935,INST-00003,Bass,Instruments,600.0,7.0,7/24/2021,7/30/2021,Cash
493,96b7918a-2388-4de1-9de8-e75bc27775ea,40df67d9-2476-4115-9acf-7525e3605802,APPL-00004,Shelves,Appliances,100.0,7.0,1/9/2023,1/17/2023,PayPal
494,57d65941-f351-49c1-a2d8-db28af3ea762,49bdda29-0126-4e83-ba14-77e7e0afe783,INST-00001,Guitar,Instruments,500.0,2.0,11/13/2022,11/22/2022,Credit Card
495,6d69dd37-249c-490e-b871-21e29b044190,6738a6ca-31a3-40bf-b2bb-94e8dccb00b4,APPL-00005,Rack,Appliances,50.0,1.0,3/30/2022,3/30/2022,PayPal
496,22340c1e-5c4b-4e09-82ba-237440fcbbb8,2c1e1d8f-3938-4768-9b7e-268cf3721413,APPL-00010,AC,Appliances,800.0,3.0,1/12/2020,1/17/2020,PayPal
497,66e387d3-19a4-491b-bf44-996d802140a4,661e212a-9e9a-4639-b423-c908f3886556,APPL-00012,Freezer,Appliances,800.0,9.0,1/31/2020,2/1/2020,Credit Card
498,ad4ba5ca-eccb-4563-87b7-4d41a40e035c,33df0070-3f3f-408b-b2ea-0685843c09a9,APPL-00011,Microwave,Appliances,200.0,7.0,6/6/2022,6/8/2022,Credit Card
502,6086e66c-c863-4d89-a884-a1690ea54cbd,a3abb24e-1389-452f-98ed-708e65530993,CLOT-00004,T-Shirt,Clothes,20.0,1.0,7/24/2022,7/26/2022,Cash
503,bb272703-bb18-482a-8863-410c21a47c79,5938dc64-f56c-459f-a0ae-af9b0eeed927,CLOT-00001,Jacket,Clothes,100.0,9.0,2/14/2020,2/15/2020,PayPal
505,db1ff8c6-94f9-44cc-8c4d-4e4a55dbdc20,2cce2d2c-25a2-4172-9de0-575e591b4d12,ELEC-00003,Laptop B,Electronics,2000.0,9.0,9/29/2020,10/2/2020,Cash
506,1f55b159-d4e0-4a97-9847-a2ea6a5f1f61,f468ed6e-e2cc-491c-a265-91a4e47f27b6,APPL-00003,Wardrobe,Appliances,500.0,9.0,6/21/2020,6/29/2020,Cash
508,e53304b9-f58a-4af6-af80-b605590038b6,cf333ac3-c939-46a5-87e9-ee98af67078b,ELEC-00002,Laptop A,Electronics,1000.0,10.0,6/17/2022,6/26/2022,PayPal
509,807d00fa-a078-45de-80b2-a5bf440658ec,351ddeb5-b555-4d5e-8143-bc7916b76028,INST-00001,Guitar,Instruments,500.0,5.0,8/28/2020,9/1/2020,PayPal
510,f2bf45af-e973-48f3-83f9-9f809ef25cc8,e96ab031-8ea8-469b-bf4b-49e52cc32db5,APPL-00001,Chair,Appliances,50.0,6.0,8/29/2021,9/2/2021,Cash
511,7df8f161-6fab-495c-9b64-b7b0dfa135c1,22f0e075-00c0-4138-bfa9-bc86ed029b95,APPL-00003,Wardrobe,Appliances,500.0,4.0,6/4/2021,6/13/2021,Credit Card
513,8c379c21-c3aa-442a-8f2e-97339afe45a7,eeac4646-0d03-4d9c-af94-0ee9074225fd,APPL-00002,Table,Appliances,200.0,2.0,2/12/2020,2/12/2020,Credit Card
514,5e5fcdf8-ae55-4b9a-aa8e-9bc27f3a555c,55ed93f7-55f6-49f0-b0e0-6343c40f7044,INST-00004,Flute,Instruments,100.0,6.0,2/20/2022,2/25/2022,Credit Card
515,829f840f-c420-4aa3-a321-2f85d4f46e39,24898214-c241-4df6-b28a-71dd9543465d,APPL-00004,Shelves,Appliances,100.0,5.0,2/15/2021,2/16/2021,Credit Card
517,e1b81171-268b-449f-982c-437bf1d84104,e1f9ee51-9fe9-4002-986e-be943fca98b6,INST-00001,Guitar,Instruments,500.0,3.0,8/30/2023,9/8/2023,PayPal
519,7f531f67-33d5-4821-beff-27eed3176129,adbb8ed8-c5db-4acb-958a-54335205f170,APPL-00003,Wardrobe,Appliances,500.0,2.0,4/13/2022,4/16/2022,Unknown
520,61dfd59a-94f2-4441-b589-b0cb9533d3db,3bf2e25c-4a70-4fd9-871f-a3c56317b821,CLOT-00003,Shirt,Clothes,30.0,4.0,4/20/2021,4/24/2021,Cash
521,e17c7a58-30de-481b-bbe6-b015ae74775d,bc972f3a-da39-4288-b238-c0a8c32c7d9d,APPL-00008,TV,Appliances,1000.0,5.0,4/3/2023,4/12/2023,Cash
523,241fe1b9-8394-4ba9-a045-fda03cc1f897,f1d6421c-9739-4297-9a83-601df2db3ab7,APPL-00009,Fridge,Appliances,1000.0,2.0,2/18/2022,2/20/2022,Cash
524,92e2795d-9cf9-43fb-a3e1-63076ace6274,4f584334-b978-4398-b029-f5bf3a37d553,CLOT-00004,T-Shirt,Clothes,20.0,2.0,1/5/2021,1/8/2021,Cash
526,71682e5f-4780-41ae-9145-f43d4d09271f,db4c35e0-30b0-4558-8df7-7e26ee06bdba,CLOT-00001,Jacket,Clothes,100.0,1.0,6/4/2020,6/9/2020,Credit Card
528,04157d5f-fc77-4ba7-8bf8-4bd03331f940,b2627b7e-f59d-4c7f-9023-cee9a5986a3b,INST-00003,Bass,Instruments,600.0,9.0,6/27/2022,7/1/2022,PayPal
529,17654ee9-8554-4f85-96dc-c4148b191d1e,fd5183f2-8aa6-4bf9-80f6-e11c66159c50,INST-00002,Drum,Instruments,1000.0,4.0,12/31/2022,1/2/2023,Unknown
530,c8446a66-c8fd-4c90-a3fa-b84a20b47ccf,e0b732df-e87a-42d2-a6df-4672c86aa525,APPL-00003,Wardrobe,Appliances,500.0,4.0,9/22/2022,10/1/2022,PayPal
532,28fa4e84-b7f7-4e49-bf9d-5e8c5f5d131f,1bb3a5da-0bba-4506-bb35-3687e20e1457,APPL-00011,Microwave,Appliances,200.0,2.0,2/6/2023,2/14/2023,Cash
533,37ca60b6-2c84-4924-966b-a5d77dd7e932,4eea17fa-91c1-43f4-9ce3-7560390e8cd7,APPL-00002,Table,Appliances,200.0,4.0,7/9/2023,7/29/2023,Credit Card
534,e9878bdc-b354-4a0d-86f7-7f3674ea3986,81695279-3ee5-4a27-abe6-22c408f219f1,CLOT-00001,Jacket,Clothes,100.0,6.0,5/16/2022,5/24/2022,Unknown
535,48304b69-5afb-4449-9310-33803165e4a7,ba993ee1-ebae-45cb-929d-d9c0fb97c757,APPL-00004,Shelves,Appliances,100.0,2.0,7/27/2021,7/28/2021,Credit Card
540,d09caaf6-cbd2-4683-912d-f3cbd9381bd2,30c67a48-2500-4060-b6f8-8981a17f2c58,APPL-00005,Rack,Appliances,50.0,5.0,1/28/2022,2/5/2022,PayPal
541,1f258e50-5edc-470e-9a2d-9d3a9a5fb8b9,70cbca21-de37-448f-8e9e-ff515ff9b5ee,APPL-00012,Freezer,Appliances,800.0,5.0,12/6/2022,12/11/2022,PayPal
542,c24982da-7235-42d0-9b28-392842363631,3a50f90b-54c0-496e-88e3-2e9fbc85476d,CLOT-00002,Skirt,Clothes,50.0,2.0,3/7/2023,3/12/2023,Credit Card
543,175267c4-b1a5-4848-b2bb-42c82802f02f,01c5507b-0c18-4c9d-8506-a6a735a2cf56,INST-00004,Flute,Instruments,100.0,2.0,11/12/2022,11/17/2022,Credit Card
545,ae32b43e-f6b1-462c-b3bc-7792c6c993e0,316318f1-65c0-49d8-bf31-eacf65493e34,CLOT-00005,Pants,Clothes,60.0,4.0,2/25/2021,3/6/2021,Credit Card
546,cec8ffcd-8e88-406d-89c9-3adbe6bda81c,42a02494-a830-425c-a12c-c9dfb6451234,APPL-00007,Bench,Appliances,150.0,1.0,4/9/2020,4/12/2020,Cash
547,b5944d29-c167-44ee-b84f-79acc9a5cd72,8182457d-0e0a-49ef-a217-b435f2ce1062,INST-00001,Guitar,Instruments,500.0,8.0,1/21/2022,1/26/2022,Credit Card
549,97851dc0-8071-44e7-8411-7d7f9e27a917,69d61c84-07c9-4268-adc5-efaa2db051a9,APPL-00010,AC,Appliances,800.0,3.0,9/19/2022,9/23/2022,PayPal
551,95303f31-8612-4b79-b6a5-fdd06eb89459,a9354f2d-8d92-40ce-9d9c-41498f72bcc3,APPL-00001,Chair,Appliances,50.0,4.0,6/12/2020,6/21/2020,Cash
553,eefd6189-01be-4d26-8fff-d25879e391df,7640f9bc-f16b-4d47-ab7e-0d6e2a132eee,APPL-00002,Table,Appliances,200.0,10.0,4/19/2021,4/21/2021,Cash
554,1cc3779d-ebac-48bc-a54e-c21e302cacb8,e759d416-19f5-481e-a4b9-41768bb12379,ELEC-00002,Laptop A,Electronics,1000.0,1.0,4/27/2021,5/6/2021,PayPal
557,4767672d-8d16-466f-bfab-cc9f2364160f,942e2e07-7b3d-4a39-ba69-4766c6df9a38,CLOT-00001,Jacket,Clothes,100.0,1.0,7/5/2022,7/8/2022,Cash
560,0eb43c3d-1260-4581-82a4-c3af6ffa0767,10a0ca5a-0eae-40dd-8b58-82e98d7a1d31,APPL-00005,Rack,Appliances,50.0,4.0,7/26/2022,8/2/2022,PayPal
561,fe42b323-f414-4ec0-ad30-f1c24dcc9a6a,7333aa5d-9c4e-4062-9903-f4535a240a53,CLOT-00005,Pants,Clothes,60.0,1.0,11/28/2020,12/5/2020,PayPal
563,7ca7452e-3f83-4416-9488-7bac09e5c20a,16ba0552-72c8-4b0a-8089-93ee743cc943,APPL-00011,Microwave,Appliances,200.0,6.0,10/17/2020,10/21/2020,Credit Card
565,230de05f-3c80-44a2-8c09-cfbc61f2e4e5,6e3b9ed5-13f5-4003-ae02-cd2fefeccdc2,CLOT-00004,T-Shirt,Clothes,20.0,1.0,9/5/2020,9/13/2020,PayPal
566,d4355259-ee0d-4539-bd91-6337853b0566,1cad226e-f047-48c0-8669-73b44ba3db3b,CLOT-00004,T-Shirt,Clothes,20.0,2.0,10/19/2022,10/25/2022,PayPal
567,0d1a6825-fb9d-4e6d-a5ae-963b05d7cf63,c2e15c08-7894-4420-ab3c-ecdf5ffbd4cb,APPL-00011,Microwave,Appliances,200.0,7.0,10/26/2020,10/29/2020,PayPal
569,fb390adb-06f9-4e7a-a79a-ea996a213645,c1682bac-08c8-4a32-ab3b-adce9464a822,APPL-00010,AC,Appliances,800.0,2.0,12/16/2021,12/25/2021,PayPal
570,d3bab789-342c-44e0-a858-79a852a069d3,406c0a4c-7125-4575-a17a-5868ceea5b22,ELEC-00004,Tablet A,Electronics,400.0,8.0,9/14/2022,9/21/2022,Cash
573,6c5ebd3a-b75f-43c1-857d-4dae5701c345,387cac9e-eab8-4c10-9d31-24fbd9722d2e,INST-00001,Guitar,Instruments,500.0,4.0,5/11/2021,5/20/2021,Credit Card
574,994e4310-4985-4e73-b863-c08ef6be726f,560d5203-f907-4975-afb7-bb67c0b1a95a,APPL-00006,Stool,Appliances,30.0,9.0,5/29/2021,5/29/2021,Credit Card
579,31221da1-d9f6-4b91-b062-e6ce7c7a07eb,4a806e2a-41f6-4380-80e7-0f16bb74f336,CLOT-00005,Pants,Clothes,60.0,1.0,1/17/2020,1/25/2020,Credit Card
580,af50e805-131c-40d4-82cb-36b2ac8c743a,979a0789-457a-4e77-87ed-7aa2125edf1d,APPL-00009,Fridge,Appliances,1000.0,9.0,3/12/2020,3/19/2020,Unknown
581,9ad67a43-eb78-4dc7-afe4-7120ca2b6d64,3762665e-0442-4628-bb50-4d06ec31161c,CLOT-00003,Shirt,Clothes,30.0,2.0,12/10/2020,12/18/2020,Credit Card
582,6ede9817-f4ff-4126-b585-8a386cd4f964,fd540cbe-ac74-461d-abe3-7fc5ae3679d7,ELEC-00001,Phone X,Electronics,800.0,3.0,3/20/2020,3/27/2020,Credit Card
583,03e5a7db-cc31-4ca8-afa7-7c29a7176864,f9b7d49b-51e7-43a8-940f-a48d3f52b12f,APPL-00008,TV,Appliances,1000.0,8.0,6/30/2020,7/8/2020,Cash
584,498ced89-203f-420f-a95a-7ee529537816,63e8e5ed-a15f-4238-95be-f5a1f4bbf8cb,CLOT-00002,Skirt,Clothes,50.0,8.0,9/6/2020,9/8/2020,Credit Card
585,65afd2c6-760c-4776-968c-b7f6708b518b,86bdcf71-ad79-414e-9c64-438e468f6306,APPL-00004,Shelves,Appliances,100.0,5.0,11/12/2021,11/12/2021,PayPal
588,e4637d32-6092-48d2-962e-023539866bdd,79903e60-fa73-4979-b668-6f8d36ac362f,INST-00003,Bass,Instruments,600.0,6.0,1/29/2023,2/2/2023,PayPal
589,ef6720d2-5160-44ec-93e3-dd59812b327a,2d8a25f1-36c8-48a8-8d04-769309b8131c,ELEC-00001,Phone X,Electronics,800.0,6.0,2/23/2021,3/2/2021,PayPal
591,342b52ac-4808-4bd5-8883-e89322bcd2f9,6d9f7c71-b8f5-449a-a4b3-a9cd018589e5,INST-00001,Guitar,Instruments,500.0,6.0,10/8/2023,10/17/2023,Credit Card
592,eb70df7f-8214-4fec-9bfd-f57630ac5177,baede3ae-deb7-4248-a9e4-ba3cee018941,APPL-00007,Bench,Appliances,150.0,1.0,5/1/2023,5/9/2023,PayPal
594,c853969f-95eb-49a3-998d-a1dfeda209e1,ebea5f60-a43e-4c4d-af36-3ae53394b03c,APPL-00005,Rack,Appliances,50.0,2.0,7/30/2021,8/3/2021,PayPal
596,aa20d153-45a7-4098-aaea-ee91fd6ca937,c0a33981-8735-4c95-a146-a5679bdddf42,INST-00005,Piano,Instruments,5000.0,1.0,7/7/2023,7/16/2023,Cash
597,074ff19e-21ac-41e6-844e-de0c04321802,1b785786-d4ea-4e45-b685-7be02b2e5325,CLOT-00004,T-Shirt,Clothes,20.0,4.0,4/8/2020,4/17/2020,Credit Card
598,9231f42a-aca5-4eab-b3a2-5c30054decea,061a3223-b7b9-41f2-a38a-1aa0b9768f7b,APPL-00005,Rack,Appliances,50.0,8.0,4/20/2020,4/22/2020,PayPal
600,c6643f5f-286a-45ce-9310-e2a99d95a69a,9438754e-796e-43fd-8b41-d1e2ba9fa462,APPL-00004,Shelves,Appliances,100.0,8.0,12/12/2020,12/16/2020,Cash
601,8487f9fa-a826-4c9c-8d5d-4618ab091415,92847683-96bb-474f-8762-1a9b318c501a,CLOT-00004,T-Shirt,Clothes,20.0,7.0,8/16/2021,8/17/2021,Cash
602,40ff2cae-df9a-4eee-90d0-40b40edcceb1,3f1b1331-f43c-4eca-8b8c-f88ce9bdfac7,APPL-00001,Chair,Appliances,50.0,7.0,11/20/2020,11/26/2020,Cash
603,d3457420-8a76-4d4f-9582-123332d4804d,beec8afd-7206-486a-8c76-b76379d42731,APPL-00008,TV,Appliances,1000.0,7.0,11/23/2023,11/28/2023,Cash
605,2b931a02-f055-4319-9e3b-a2c8913b9e5a,ea098e7d-b0b3-4d6d-bfed-0d6d6b7f393a,APPL-00009,Fridge,Appliances,1000.0,5.0,2/16/2023,2/23/2023,PayPal
606,249d031d-64f6-480c-b6b9-b6c6e54f68fa,77d134b4-4fcb-474c-a5e1-8a6ca3817c91,APPL-00011,Microwave,Appliances,200.0,9.0,7/9/2022,7/10/2022,Credit Card
607,dc8d779b-da50-44a3-acaa-f42100ca6553,c6a921a7-4006-43cb-962d-568e39b64f64,CLOT-00003,Shirt,Clothes,30.0,8.0,1/28/2022,2/1/2022,Cash
608,3ca95b59-3442-4947-b6cc-bec116d5a483,d9a7ea41-7f68-496b-8ecd-1026e492f767,APPL-00004,Shelves,Appliances,100.0,6.0,5/28/2023,6/4/2023,Unknown
609,36390130-673e-42e2-898e-51811d63ad2f,16a67089-54a2-433f-b5d4-a1b68a12c412,CLOT-00002,Skirt,Clothes,50.0,10.0,5/15/2021,5/15/2021,Cash
611,02fad591-e2f3-4dd2-9116-c8d6ac56e05f,4eaa3805-1e45-4572-b9e8-b70f88254772,CLOT-00005,Pants,Clothes,60.0,5.0,8/29/2022,8/30/2022,Unknown
612,dfef926b-cd89-475d-a195-b06bf844f3eb,e62e1d53-e1d1-4088-88d0-ff8a8d00c671,CLOT-00001,Jacket,Clothes,100.0,2.0,3/17/2020,3/22/2020,Cash
613,03085df1-9ce5-4df2-9241-1b378d6b834e,74ba6045-6ef4-40b9-a78e-285e522df9c2,INST-00002,Drum,Instruments,1000.0,8.0,1/13/2020,1/19/2020,Cash
614,6223e47d-637f-4764-851b-b19398ce1bb9,db76d783-0274-4d80-bfb9-3ed311599158,INST-00002,Drum,Instruments,1000.0,2.0,8/24/2020,8/31/2020,Credit Card
616,4af0f4e7-0364-4341-bab2-311f178b4278,d57a028f-0873-4e86-9c15-b8839c732cd7,INST-00005,Piano,Instruments,5000.0,10.0,4/17/2022,4/19/2022,Cash
620,48ca9641-6d4c-4f39-b2e9-bf2e64eb97d8,76c18b23-a7d5-4b66-adaa-7aa143af36be,CLOT-00001,Jacket,Clothes,100.0,6.0,8/26/2020,8/26/2020,Credit Card
622,a074f32f-ac8c-46fd-97bd-f17e2d3cf9ad,2bd325e3-3607-47b2-90c0-02c1f43f2cf0,ELEC-00001,Phone X,Electronics,800.0,4.0,3/16/2020,3/19/2020,Cash
623,08f4a19e-79ed-468e-91ab-9974a5f1938c,ba6b9c2a-931c-4dd3-9a4f-da284ad301a7,ELEC-00005,Tablet B,Electronics,800.0,6.0,3/9/2023,3/11/2023,Credit Card
625,d2149f3a-d3b5-415d-9644-9c8b7c559a4a,d360f2fb-887b-4709-8573-2d3123bcee4c,CLOT-00001,Jacket,Clothes,100.0,8.0,8/14/2022,8/16/2022,Unknown
627,2c7e74ce-ebd4-44f8-881d-152e5119dd75,31ea3ce6-a337-4f13-b343-5d6993ddcc52,INST-00002,Drum,Instruments,1000.0,10.0,9/6/2021,9/14/2021,PayPal
628,51d06553-957d-47b3-b454-61b3f7b4b444,d29f84c8-1569-4a87-9893-442ed08c3b9b,APPL-00004,Shelves,Appliances,100.0,1.0,2/18/2022,2/20/2022,PayPal
629,498f2d04-11f2-4609-86e9-ff4cde11be7d,d817fa98-7670-4dd3-b5be-956df79e2f08,CLOT-00003,Shirt,Clothes,30.0,5.0,11/10/2023,11/15/2023,Credit Card
631,dd2d080d-e32b-445c-9da3-b77ad904a234,bf0e6107-cce4-4b3a-a9be-8c706dfe3731,APPL-00002,Table,Appliances,200.0,7.0,12/30/2021,12/31/2021,Cash
632,9689249c-c771-44db-a18a-080fdfc1fff8,f9c2ae59-f815-462a-bde0-42f2db5d072f,APPL-00003,Wardrobe,Appliances,500.0,7.0,2/27/2023,3/7/2023,Credit Card
633,6ecf6d13-29d9-4fea-a112-3a537aae095e,2b2cc84e-2328-4700-839a-693790abc23d,APPL-00009,Fridge,Appliances,1000.0,9.0,1/11/2020,1/19/2020,Unknown
635,981901f6-50b2-4d67-845a-e3b2c18cec60,a412b3e4-319b-4df5-bc06-6cb8c8ec8e9b,INST-00005,Piano,Instruments,5000.0,6.0,4/12/2020,4/12/2020,Credit Card
636,68f3a780-637d-4ec9-9742-4219990b25ac,439b1e42-391a-485d-b701-9b7a38a28b95,INST-00005,Piano,Instruments,5000.0,6.0,3/11/2022,3/17/2022,Credit Card
639,9860cae7-75a2-4e36-bd78-3e1ac48664c2,e2f8af83-7055-4361-a412-dd98290238d9,APPL-00009,Fridge,Appliances,1000.0,7.0,10/30/2021,11/3/2021,PayPal
640,3be0dc0f-d46b-40e7-baa3-e6065a36895b,9585c154-4fe6-4a00-b1b4-df18bd878ef4,APPL-00008,TV,Appliances,1000.0,10.0,3/18/2022,3/23/2022,Cash
642,12d89300-c1e0-4b57-854b-c51eac161ca6,094940b8-139b-4616-b569-e9cc7ad894a2,INST-00002,Drum,Instruments,1000.0,3.0,3/19/2023,3/21/2023,PayPal
644,82df8c35-b7ae-41ec-bfd2-3005ac4523d0,daaa592c-b0d8-40ae-aa73-b5af7af8dd31,CLOT-00001,Jacket,Clothes,100.0,8.0,11/5/2023,11/9/2023,Cash
645,393823ec-25fb-434f-841b-61748a1b269b,2fa30061-d845-4754-9908-cbe1ce544acd,APPL-00002,Table,Appliances,200.0,9.0,11/7/2023,11/15/2023,Cash
646,8c661854-03f6-458e-83cc-aaa18937d07f,2a18e69a-9fef-4dae-b265-1ecc0ae5088e,APPL-00006,Stool,Appliances,30.0,1.0,12/11/2021,12/14/2021,PayPal
647,85946c3f-a136-4ec5-9e94-25d5ac5d3f94,c53b6d1a-536b-4473-81cf-d0810fd9ef9d,INST-00003,Bass,Instruments,600.0,10.0,11/4/2020,11/8/2020,Credit Card
650,76b315ef-d6e4-4adf-90d3-8e1a4c101d78,7f454fe5-1a29-4cc8-b2ce-9f2c887fbd2f,APPL-00012,Freezer,Appliances,800.0,3.0,8/5/2023,8/5/2023,Unknown
651,b643fdd9-2141-4513-b566-4c7bc14a84ba,39b45982-621f-4b14-9d41-2a1d5dc82dee,ELEC-00005,Tablet B,Electronics,800.0,1.0,10/13/2021,10/22/2021,PayPal
652,aa93532a-c4b2-44c1-820d-7bcef97ed8d4,ef1097b4-7052-4663-bd07-dc40ae0dba69,CLOT-00003,Shirt,Clothes,30.0,9.0,3/25/2022,4/3/2022,PayPal
653,00250309-78aa-437f-8fa0-fd3fd9bd6080,559f5dc9-3b05-432b-ad47-f6f668db485d,ELEC-00002,Laptop A,Electronics,1000.0,3.0,11/17/2022,11/19/2022,Cash
654,e3d482b4-9596-48d5-83c4-e9c894504a7e,cec59c68-4e7b-4b6f-9161-c2513f110802,INST-00001,Guitar,Instruments,500.0,8.0,10/10/2022,10/16/2022,PayPal
656,b6f975f0-2365-4c04-8fec-6a6add16bdc7,9c4450db-1270-4587-8cbd-f7703ffdbb7f,CLOT-00003,Shirt,Clothes,30.0,5.0,2/10/2020,2/13/2020,Credit Card
659,c722f0b3-a293-417a-b066-b3a4c5a7a174,90b3e5c0-ceff-4a14-8e61-d4b09148819a,INST-00001,Guitar,Instruments,500.0,5.0,5/22/2020,5/24/2020,Cash
661,6747af36-ccaa-451b-86dc-6044fed67b23,5dc2ec8a-0e4f-47b8-a4c9-4b28f4a29c5e,CLOT-00002,Skirt,Clothes,50.0,1.0,1/10/2023,1/12/2023,PayPal
666,59063d36-de14-4de0-bfd3-c34c474da5e3,6b091da2-51e5-40cf-be50-3863634a0b15,APPL-00010,AC,Appliances,800.0,4.0,2/7/2022,2/10/2022,Cash
667,2409d643-644d-48c1-b3f6-4a62ff5d8d1f,e94ea841-6750-4b71-93aa-451b23b39af3,ELEC-00003,Laptop B,Electronics,2000.0,1.0,12/3/2020,12/6/2020,Cash
668,6c1d4dc7-cfd9-4bb4-8370-5309cccf92a0,003e524c-1457-44d2-9b21-6efc1e649793,INST-00005,Piano,Instruments,5000.0,2.0,10/26/2020,10/31/2020,Credit Card
671,d1111e8d-d975-4a8e-9717-446a9a374d3d,4ce21714-fb6b-4390-b6d6-aa8b61422699,APPL-00002,Table,Appliances,200.0,10.0,7/20/2023,7/22/2023,Credit Card
673,92f537e1-fa97-4bd3-a61f-0d5d5e6f0b28,0c7497b8-8f08-4fd6-b298-9b27514d719b,CLOT-00005,Pants,Clothes,60.0,2.0,8/26/2021,8/31/2021,Cash
674,f23b10e5-6f33-4326-be7e-d0fdce33119d,909a95e6-c905-461b-a587-e2ae460d09ac,INST-00001,Guitar,Instruments,500.0,4.0,4/17/2022,4/22/2022,Credit Card
679,a6998312-39c1-49d7-a7ab-162ebaa7dc00,76a127d8-1b30-4cb6-beb1-5e5d2b54d4b8,APPL-00005,Rack,Appliances,50.0,2.0,1/17/2021,1/18/2021,PayPal
680,96323516-3f28-4412-8222-a9cdad42f783,c4708692-efdf-4e9d-8d4c-2b099b21baa2,CLOT-00004,T-Shirt,Clothes,20.0,4.0,1/19/2023,1/23/2023,PayPal
681,90bfd9df-5bbf-47cb-b6ac-5df001abd02c,908ae679-2c61-467d-93e0-751e892e56c2,ELEC-00002,Laptop A,Electronics,1000.0,9.0,4/3/2020,4/5/2020,Cash
682,111dcb9c-43a5-4073-a382-30fc3c14d177,c57e0ac2-cdf7-49f8-bd46-ddaeff677fae,INST-00005,Piano,Instruments,5000.0,9.0,2/27/2021,3/3/2021,Credit Card
683,edb56c24-07cd-4a58-974e-401aa18a17ec,f790f302-a1df-48d7-802e-10ce8a252af7,APPL-00007,Bench,Appliances,150.0,6.0,7/16/2020,7/24/2020,Cash
684,d802d19e-b3af-4a96-854a-f5bd050516b4,f2ab1c61-44dd-4e52-a82f-d853644fa147,CLOT-00005,Pants,Clothes,60.0,8.0,10/23/2020,10/30/2020,Cash
685,f64d1529-f633-4154-b3aa-38d924f9acb4,237def2e-cf9b-40ab-823a-dbd42881a0b6,APPL-00010,AC,Appliances,800.0,6.0,8/8/2021,8/16/2021,Credit Card
686,c543f91f-4f22-4a35-b093-5c128d08bff7,f3bf2aeb-7785-49ab-9c95-cc4e2d711076,ELEC-00001,Phone X,Electronics,800.0,2.0,12/1/2022,12/10/2022,Cash
687,7d78b89b-8e6d-48f7-ae10-62b8c3738e33,e2576f33-0ca8-4747-a81c-c2d6315d7334,APPL-00001,Chair,Appliances,50.0,1.0,2/16/2023,2/23/2023,PayPal
688,183ad19b-fd01-4681-8fa9-38a7a89db176,07708528-1ff3-4511-b37b-a681fb571ed2,APPL-00007,Bench,Appliances,150.0,4.0,6/10/2021,6/14/2021,Credit Card
690,b421becb-5e07-496b-8512-621442272b44,c9e2b11e-53bd-49b6-9047-1ebc922daa50,INST-00003,Bass,Instruments,600.0,4.0,1/28/2022,2/1/2022,PayPal
691,b2dd7ff8-142c-42d3-a61f-562cc3477079,c81c804d-9092-44d6-94ff-1db19ac72e7c,INST-00005,Piano,Instruments,5000.0,9.0,5/29/2022,6/1/2022,Credit Card
692,4ac50cb4-6942-42d7-8a2c-523540bc9722,cf343378-2255-4986-8f6c-d4f97dad9575,CLOT-00005,Pants,Clothes,60.0,4.0,6/17/2022,6/22/2022,Credit Card
695,8db32195-bcc5-4969-a114-ab7ac9cbcb60,5d937784-a979-42db-99a3-e3f747a96016,INST-00005,Piano,Instruments,5000.0,1.0,2/10/2023,2/14/2023,Cash
696,789fa294-18e9-4bbf-a5e0-0dea51898b01,1922205a-d993-46a2-87f6-671a430292b7,CLOT-00001,Jacket,Clothes,100.0,4.0,6/1/2020,6/10/2020,Unknown
697,4edc3fb6-3c8e-4f4f-9105-2692c6c8c309,2ca321d4-cad6-4a4b-81bb-226140d13da1,APPL-00010,AC,Appliances,800.0,7.0,9/6/2021,9/11/2021,Cash
698,67f2e71e-40b3-4d7d-ac28-11573e443f74,78195c52-326b-4bb7-b68f-a7a577dfe52b,APPL-00004,Shelves,Appliances,100.0,10.0,12/22/2021,12/31/2021,Credit Card
700,1d990893-76ec-43bb-8fd0-a6f035300920,f79adaf1-3014-4ea4-ba21-e05d04a48e0c,APPL-00009,Fridge,Appliances,1000.0,9.0,8/12/2023,8/14/2023,Credit Card
701,341d2a85-f239-44b2-8b83-b534742cca92,1c8a8549-f8a7-4fa9-a896-ebd92c17513b,APPL-00002,Table,Appliances,200.0,8.0,8/8/2023,8/8/2023,Cash
702,3ab1afc0-a58a-4812-a8f4-29d2ef784f68,352fd8e0-d940-40a3-af5c-930a99101c0d,APPL-00003,Wardrobe,Appliances,500.0,10.0,1/6/2020,1/8/2020,Cash
703,d52e9293-4329-4158-a2e3-71eb53b01351,913525e2-7d74-41a9-a796-272531a0caf7,INST-00004,Flute,Instruments,100.0,9.0,1/1/2020,1/10/2020,Unknown
704,e152e750-4000-48cf-aedd-9936f9450522,2cee77e2-2249-4a87-a553-60e0512db078,APPL-00010,AC,Appliances,800.0,3.0,3/6/2021,3/10/2021,PayPal
706,7de1fda3-d26e-4a86-a5ec-83d6266b9eba,5321d6f8-8cfe-481f-84dd-c391babef1fa,APPL-00002,Table,Appliances,200.0,9.0,11/10/2023,11/15/2023,Cash
708,a59dcf9a-d64d-4de3-bee9-de07714e9dfb,cee165ca-95fe-43fc-8452-27fd49f15468,APPL-00002,Table,Appliances,200.0,8.0,8/19/2021,8/28/2021,Credit Card
712,756db438-3c31-459e-9891-979666ea8d74,4b84631c-710a-4def-9b36-50c5794cadad,CLOT-00002,Skirt,Clothes,50.0,7.0,4/29/2022,5/3/2022,Cash
713,eb3a0fd9-dedb-41a3-b472-c42d9ba50221,366e0f22-1e04-41bc-a501-e2dc17fee3fb,INST-00003,Bass,Instruments,600.0,2.0,5/25/2020,5/31/2020,PayPal
714,e6a1bedd-1bcd-4096-ba72-7e239063e851,78269afc-ec12-4a3a-aa2d-dd857dee0ab6,INST-00003,Bass,Instruments,600.0,2.0,1/28/2022,2/6/2022,Credit Card
717,28f0d57d-7d57-4986-a452-02ea24c23d82,9908745c-32a0-439e-baef-e4294d2992a4,CLOT-00004,T-Shirt,Clothes,20.0,8.0,10/26/2021,10/27/2021,PayPal
718,7976a39f-a476-477a-8b12-d0afe0114059,3252ad52-bdd2-4fea-bd0d-4039c06972dc,ELEC-00004,Tablet A,Electronics,400.0,7.0,10/28/2022,10/29/2022,Credit Card
722,88d230ad-d88b-410c-bacb-66461fd04ae6,4ebd5973-7467-4381-bcbc-7b09e809afe8,ELEC-00001,Phone X,Electronics,800.0,7.0,11/9/2021,11/11/2021,PayPal
723,9e32f193-b44e-47e3-b12d-3837d76c4a22,24efb1ba-1499-414b-ac22-4605b73c5786,APPL-00007,Bench,Appliances,150.0,7.0,8/20/2020,8/29/2020,Cash
724,8b635401-42bd-4996-80c1-6391a35d9475,8019ff81-743f-44b5-9bc7-60fc3b9c3c39,APPL-00002,Table,Appliances,200.0,7.0,11/18/2020,11/21/2020,Credit Card
726,aa3c5a8e-b8df-40c5-af8b-68cbcb2138be,e30c6816-5570-443b-ab61-056562e7c78a,APPL-00007,Bench,Appliances,150.0,4.0,12/29/2021,1/5/2022,Credit Card
729,39c3a64d-72a4-4c3d-b665-5da6de6317b4,50aa27f8-1410-416e-a24e-1ddeb9ececd3,APPL-00008,TV,Appliances,1000.0,1.0,8/7/2020,8/15/2020,Credit Card
731,651e2eb6-e75c-4059-a5af-f99ccd57d885,0c4f246a-18e1-4210-94ac-e9349526bd33,APPL-00006,Stool,Appliances,30.0,9.0,10/11/2020,10/15/2020,Cash
734,8487f30c-a081-4c93-b9bb-75ecd9bb639c,924bf265-ccce-43ad-994f-90ebf219edbb,ELEC-00003,Laptop B,Electronics,2000.0,9.0,6/30/2023,7/9/2023,Cash
737,14552b3e-7741-41c9-bb21-529a025771b7,d6fed188-5579-4f9d-a426-39773b0e1f32,ELEC-00004,Tablet A,Electronics,400.0,10.0,10/14/2021,10/20/2021,PayPal
738,f46c5855-e861-46f7-9663-068051a508a3,f2fb0710-7d76-45c0-bfb5-eb4d72f49670,CLOT-00003,Shirt,Clothes,30.0,2.0,4/19/2023,4/28/2023,Unknown
739,2e39d821-3fa8-4518-9090-17e3b3f6abd0,4b6a75eb-53e6-46f7-a216-420357eb7e2f,APPL-00009,Fridge,Appliances,1000.0,3.0,6/12/2020,6/20/2020,PayPal
740,7b41177a-88ce-4357-aea8-c1ae0817bb3c,e6f6482b-5197-4561-a3ed-10df002f8b66,ELEC-00003,Laptop B,Electronics,2000.0,9.0,3/25/2023,3/25/2023,Unknown
743,e4d33159-7635-4a9e-b510-87634fbd185a,0d5f98df-14d8-485c-b34b-11df25abd7d0,CLOT-00002,Skirt,Clothes,50.0,3.0,8/11/2023,8/11/2023,Cash
744,8bae3267-03dd-415a-8350-012a841670d2,7c9a32aa-0f7c-49b2-af73-acce5ccd8170,APPL-00011,Microwave,Appliances,200.0,10.0,6/24/2021,6/25/2021,PayPal
745,e1f6f4bd-f2de-46bf-bb75-a9c6ff6fae16,b1c840dc-7db6-4c46-9c23-5f2ec5cfb860,ELEC-00005,Tablet B,Electronics,800.0,3.0,12/8/2021,12/17/2021,Cash
748,17987772-e786-4bda-bfa9-bbdca31736ad,2db2f48e-d25e-4107-8abb-847f80f7daa6,ELEC-00004,Tablet A,Electronics,400.0,3.0,4/5/2022,4/8/2022,PayPal
750,a20ad024-4c5a-4cb3-9ee3-995d86493f78,761fb705-57c4-4c0d-a9e0-61f8763c2a7a,ELEC-00002,Laptop A,Electronics,1000.0,4.0,11/18/2020,11/27/2020,Credit Card
752,24c08b0d-aa88-447d-9e13-ddf2510d59af,ceae6228-a150-473a-a6c3-9a6af2d0667d,APPL-00001,Chair,Appliances,50.0,3.0,5/16/2021,5/18/2021,Unknown
754,52fa3827-2cd3-458d-a23c-d252fdf87ec7,c4e60897-52ee-4082-9e99-e91e400920d9,INST-00004,Flute,Instruments,100.0,10.0,3/22/2023,3/31/2023,Cash
755,b0f91371-2a94-46b9-b030-3b6ed171ec27,5e36d930-e05d-4fed-afe9-d2673712c072,CLOT-00002,Skirt,Clothes,50.0,8.0,5/12/2021,5/18/2021,Credit Card
758,2c755abd-74ca-4cfe-8836-410c1c6b9b89,168d5dd0-ebb7-467f-a4f4-1edfbcc72377,INST-00002,Drum,Instruments,1000.0,9.0,10/23/2023,10/25/2023,PayPal
759,e7781043-264f-409b-b16f-780f37ce2c69,1975d8b5-9a5a-4558-b54c-f3e2914357bf,INST-00005,Piano,Instruments,5000.0,5.0,1/9/2021,1/18/2021,Cash
760,3018f5ee-3900-4135-a2f8-1949f39f57f5,f45c313f-6dcf-425a-9819-7a2b55de57a4,INST-00002,Drum,Instruments,1000.0,7.0,11/26/2023,12/2/2023,Credit Card
761,06a715b9-c69f-4999-ab09-2156704bdaca,9463182f-ac53-449b-b920-c25cff051fcf,CLOT-00004,T-Shirt,Clothes,20.0,8.0,1/27/2020,1/29/2020,Cash
765,4a30fb08-d916-42b2-b2c4-dbe2bdaa2c47,eb37a408-0436-4d87-b6b9-d6b9d373f8ef,APPL-00009,Fridge,Appliances,1000.0,1.0,7/2/2020,7/2/2020,Credit Card
766,56105a71-506e-4a33-9638-cc445d7c30db,234aa28e-074d-446e-b255-e0708f901072,CLOT-00003,Shirt,Clothes,30.0,5.0,6/15/2022,6/15/2022,Credit Card
767,82123791-e55c-4664-8bf3-2b774dd31e9a,928ea2a5-8acc-47e0-9e2f-db0c493eb6fb,APPL-00010,AC,Appliances,800.0,3.0,3/18/2023,3/22/2023,PayPal
768,e6b605bb-0cf7-4057-a5c3-880d38e7b5b7,3b4e898b-6307-4541-8597-5486a7aa2c4c,INST-00002,Drum,Instruments,1000.0,10.0,9/22/2020,9/23/2020,Cash
769,7042223f-893c-4d2b-85e1-20739aca75be,1766d1b1-705b-429e-8ef9-d145066c9fdf,CLOT-00003,Shirt,Clothes,30.0,6.0,10/3/2023,10/9/2023,Unknown
770,f76a6189-56c6-451c-9704-76500de2ecb7,28e4f822-038f-449b-ac09-33ddecfb8c92,ELEC-00003,Laptop B,Electronics,2000.0,3.0,10/10/2023,10/18/2023,Cash
772,e99360cd-5185-43b7-bb53-5f7e6afd86b1,bc7ab82a-f733-42d6-bdee-442cc8b8c8da,APPL-00009,Fridge,Appliances,1000.0,6.0,8/20/2020,8/27/2020,Cash
773,b2e5e844-fcf2-4fa5-afec-5a0f46d25bfc,a6d310b5-56a3-4a34-8c09-c1ca1496031e,CLOT-00005,Pants,Clothes,60.0,8.0,2/13/2021,2/17/2021,Cash
775,4aa2b237-a16b-4bf4-988b-1e499c308e91,8b975a53-7944-4093-a8a2-7a1d90f50748,CLOT-00005,Pants,Clothes,60.0,10.0,9/25/2020,9/30/2020,Credit Card
776,a479df84-c949-4b12-9f29-4d9fef12e16a,1d4aa638-2233-497b-b9cf-171e89eecd92,ELEC-00004,Tablet A,Electronics,400.0,7.0,3/23/2021,3/25/2021,Credit Card
781,b4a142ce-8e2c-468f-b8f5-9090a69fac49,5765204b-8a67-482e-89cf-bb286619e7a2,INST-00003,Bass,Instruments,600.0,10.0,5/24/2020,6/2/2020,Credit Card
783,19a2022f-ef08-4b5d-804f-360cbb12f16f,338eb0b7-af94-41b9-98ee-e6b680727eed,APPL-00003,Wardrobe,Appliances,500.0,10.0,12/18/2020,12/20/2020,Cash
784,a499504f-687a-4f88-aeda-bf3c401ca168,ac04d16c-dc58-4197-a45d-85b16be5dc46,INST-00005,Piano,Instruments,5000.0,9.0,12/29/2021,1/6/2022,Cash
787,83fb7cd7-f0b4-4067-88b6-2c9405eee922,bc065d8e-f78b-48b6-b3c6-15eb9f9e1a62,APPL-00009,Fridge,Appliances,1000.0,5.0,3/11/2020,3/20/2020,Unknown
788,a3c1ae33-0e90-4533-a80f-2abd87cba7ba,005f978f-4f73-43eb-a8c5-0bff2cce93b9,APPL-00002,Table,Appliances,200.0,6.0,3/29/2023,4/3/2023,Cash
789,478857dc-085f-4ea2-8835-540e9701772c,4de1a022-8ec3-4414-b1e4-de846a55c67c,APPL-00003,Wardrobe,Appliances,500.0,9.0,12/25/2021,1/2/2022,Cash
790,e1bffa62-f3f9-4be5-a3df-1e80810ced85,2481a81a-f047-4e19-8637-76fe473507f2,INST-00002,Drum,Instruments,1000.0,5.0,4/30/2023,5/9/2023,Cash
791,98d68bee-1738-40d1-9ccc-d028790b7470,7f1ab06d-9caf-443a-8e1a-66bbbab4e36f,APPL-00007,Bench,Appliances,150.0,10.0,3/5/2020,3/8/2020,PayPal
792,9242fa48-1385-4537-a5bb-807d5be773c1,4de1a022-8ec3-4414-b1e4-de846a55c67c,APPL-00002,Table,Appliances,200.0,9.0,6/11/2021,6/11/2021,PayPal
793,6fbccdd7-f5e9-4b79-9483-37df49a65eb0,70274c7a-2055-4af3-b29c-979585a810f6,ELEC-00001,Phone X,Electronics,800.0,10.0,11/13/2020,11/15/2020,Cash
799,57b3fba4-baae-4076-8f2e-8ddd9743df3e,41fb5b0d-ecda-4689-baff-c515351d18a7,INST-00004,Flute,Instruments,100.0,10.0,2/18/2020,2/23/2020,Credit Card
800,7e118405-3374-4966-ae41-cc211a7fa025,537e0fef-726e-4d24-949b-9cae4960f1cf,APPL-00009,Fridge,Appliances,1000.0,4.0,11/3/2020,11/4/2020,Cash
802,bea05ab5-8de6-47f9-9c21-dbe98ea23846,4de1a022-8ec3-4414-b1e4-de846a55c67c,ELEC-00003,Laptop B,Electronics,2000.0,4.0,8/24/2023,8/30/2023,PayPal
804,d945286a-87b9-43b5-970b-a49259a0a710,4de1a022-8ec3-4414-b1e4-de846a55c67c,CLOT-00002,Skirt,Clothes,50.0,1.0,11/1/2022,11/9/2022,Unknown
805,dabf9de7-212c-4071-ace3-96142baf2aad,775bc6a7-225f-4b34-bc6c-06d73106b528,CLOT-00002,Skirt,Clothes,50.0,10.0,8/2/2023,8/9/2023,PayPal
807,bb55d095-0a33-46c7-ba29-dc490e627979,4de1a022-8ec3-4414-b1e4-de846a55c67c,CLOT-00001,Jacket,Clothes,100.0,9.0,8/21/2020,8/23/2020,PayPal
808,8ddf93eb-ce22-4ed4-b328-191c35a9453a,043d32b9-b2ba-4cfc-9e32-e7b5c26d0ca3,CLOT-00003,Shirt,Clothes,30.0,5.0,8/7/2021,8/11/2021,Unknown
809,7711592c-3539-4b96-9aa4-483c6e548af6,ab3f73c5-a5c4-41f5-b473-49f41bada965,CLOT-00003,Shirt,Clothes,30.0,9.0,6/19/2021,6/27/2021,Cash
810,d164121e-4530-4da2-9140-4de4d829e137,5b8ae744-15ff-4135-aab8-d97ba3881db7,INST-00005,Piano,Instruments,5000.0,4.0,3/21/2021,3/26/2021,Credit Card
811,e510be5b-e488-4f78-aeb4-b070c6bbfbdf,73dc9441-88e8-47a4-80df-71780a680e2b,INST-00005,Piano,Instruments,5000.0,5.0,11/24/2023,11/24/2023,Cash
813,4f617f60-0741-479a-9326-a8e1e4a3de8a,dade0553-c943-4db4-acaa-e65dbb0f7389,ELEC-00002,Laptop A,Electronics,1000.0,3.0,11/16/2021,11/16/2021,Credit Card
815,a9599974-b85e-430c-a76c-db943ac07d88,a154cb90-5852-4065-8302-eecb281c045a,INST-00003,Bass,Instruments,600.0,2.0,6/17/2021,6/21/2021,PayPal
816,ad4eddc1-ff11-43aa-b333-9de1f288bfeb,4e2dd247-7436-41c5-af9e-ba0d8d47aeb0,CLOT-00005,Pants,Clothes,60.0,5.0,9/25/2023,10/2/2023,PayPal
819,cbc20317-1044-4c57-ad11-cf9ff8e2db2b,fa6e408c-5e1b-4480-80b2-7bf8da3102b2,APPL-00004,Shelves,Appliances,100.0,2.0,12/11/2022,12/16/2022,PayPal
822,65fddb50-f423-4545-8b6a-9db0522c0221,4de1a022-8ec3-4414-b1e4-de846a55c67c,APPL-00010,AC,Appliances,800.0,2.0,12/7/2021,12/7/2021,PayPal
823,d5c98487-b66b-41a6-8470-bb1ef45da6b3,92a8a6fb-c831-46df-b9d0-52db9477d280,APPL-00006,Stool,Appliances,30.0,7.0,4/28/2023,4/28/2023,PayPal
824,f5dc4cca-e6bc-4d91-b55b-50a7265ec38b,a4e7b0d7-4c8d-4f3a-bed3-b962604e8cd3,CLOT-00002,Skirt,Clothes,50.0,9.0,5/23/2021,5/25/2021,Cash
825,214c5028-82d1-438c-820b-2533d45d6fed,1cd1f598-fc98-4516-aba4-0ca909f33bbc,CLOT-00001,Jacket,Clothes,100.0,9.0,12/24/2020,12/24/2020,Cash
826,4c076fa4-5c0d-4597-a848-ce2339be5914,165f744a-3fe6-4cb9-8b09-a4c558f7742f,ELEC-00003,Laptop B,Electronics,2000.0,1.0,5/17/2023,5/24/2023,Cash
827,bdb56688-79b7-491f-8425-3a9d0d12009a,d47d1e9f-3138-4dd0-886b-12cb356cca9b,APPL-00001,Chair,Appliances,50.0,9.0,3/30/2023,4/2/2023,Credit Card
829,a1369dc7-cab8-420f-9bd1-d5b24148e615,bc6d6ea9-7834-474d-b084-62e052caa74a,CLOT-00003,Shirt,Clothes,30.0,9.0,1/22/2022,1/30/2022,PayPal
830,c9092fbd-a0cb-43a3-9683-e7c98abb57d5,b5987e63-53a9-4e57-8a62-01214a5503ad,CLOT-00002,Skirt,Clothes,50.0,6.0,9/28/2022,9/30/2022,Credit Card
832,39506dcc-8842-43b5-8601-9e91bca58935,1a992df0-e94f-48c0-8430-5c44389c9bd3,ELEC-00005,Tablet B,Electronics,800.0,1.0,10/22/2022,10/26/2022,Unknown
835,78188996-747b-425b-b2c4-6b4be885101b,fed0dd7e-abfe-402e-8065-e36b30311084,APPL-00003,Wardrobe,Appliances,500.0,10.0,4/13/2021,4/14/2021,PayPal
837,14e6cb92-58e0-43b6-9a71-303065c0518b,de1894cb-ceff-4e4a-9c1c-9b63f1bfa06f,ELEC-00003,Laptop B,Electronics,2000.0,9.0,10/9/2021,10/17/2021,Credit Card
841,3c5491c4-7a5b-4b0d-ad46-0165e90cce8c,ea44abe1-48d8-4120-8041-3f853000c86d,APPL-00011,Microwave,Appliances,200.0,10.0,5/17/2020,5/21/2020,Cash
843,7d15f6fa-177f-4390-bb24-923ce14fa885,e141b989-034e-46dd-98e1-1b1b50528f95,APPL-00003,Wardrobe,Appliances,500.0,3.0,9/13/2023,9/18/2023,Cash
844,ce8b66d7-0195-4152-8b1c-6493e9dc7dee,ea44abe1-48d8-4120-8041-3f853000c86d,APPL-00006,Stool,Appliances,30.0,1.0,2/3/2022,2/8/2022,Cash
847,fba03ecb-7592-4c8d-92d2-59d239c7f563,32aa2528-93ec-4fe6-91df-c7f71a2cf0a9,INST-00001,Guitar,Instruments,500.0,5.0,9/30/2020,10/3/2020,Cash
848,b5b3f7a2-f9d2-4cc3-b375-433f7dbad4e0,e48ac842-3ef3-460b-bd25-ac284cfd5f37,APPL-00004,Shelves,Appliances,100.0,7.0,11/18/2022,11/24/2022,PayPal
849,644819fb-6e8c-4c90-8268-93eb98b42a53,70a069d7-10f3-4b7e-9456-7bcec0e90e5e,APPL-00005,Rack,Appliances,50.0,8.0,7/23/2022,7/29/2022,Cash
850,55bb4046-9c56-42d8-b8a0-4d566bfec35a,5163aae9-299f-4772-a431-725596ec7f96,INST-00004,Flute,Instruments,100.0,4.0,9/4/2022,9/11/2022,Cash
852,c32f452d-6d6a-4bda-9c64-ee35d9fb9aee,c22221b9-0da0-4b8d-b63a-ba2fd39c403b,CLOT-00005,Pants,Clothes,60.0,9.0,11/29/2021,11/29/2021,PayPal
853,50e40519-5f0d-403f-b14e-630b65db1bac,6e147f72-ee64-4de3-9615-dd9295c8c5ea,APPL-00007,Bench,Appliances,150.0,9.0,11/13/2023,11/14/2023,Cash
854,3b1220cf-0022-497b-9bb7-467d9bcad5a0,6283bd0a-6767-4b54-8ec4-6f187ccf0249,APPL-00002,Table,Appliances,200.0,1.0,2/12/2020,2/18/2020,Credit Card
855,0aebead6-2a37-4c91-809f-d5c9136cd7c5,0fcf5365-9f78-491c-be6e-62644f5952f8,INST-00004,Flute,Instruments,100.0,5.0,5/31/2020,5/31/2020,PayPal
858,64f714fe-3a52-4fda-9c8a-5e579a8402c2,2391a323-0159-49ec-a8fd-da74de5541da,CLOT-00003,Shirt,Clothes,30.0,4.0,1/28/2021,2/1/2021,PayPal
860,addc0383-de48-4e91-9151-819bd41da248,2bad2bd6-890e-4f21-8abf-9844bf22063e,CLOT-00005,Pants,Clothes,60.0,1.0,12/3/2021,12/6/2021,Cash
861,65175430-0472-45cf-81e7-28ad6399dfcc,7eeaff1c-1629-49eb-bdc5-4ac14b611e58,APPL-00001,Chair,Appliances,50.0,7.0,3/13/2022,3/13/2022,Credit Card
865,dc7cd49f-460c-4847-be14-c26b01212330,f4f11101-11b5-439b-bc53-6256832c569b,ELEC-00004,Tablet A,Electronics,400.0,8.0,10/30/2022,10/31/2022,Unknown
866,9babfb50-ca86-4de0-9dda-1db6ef508075,a0db0fb0-1b31-4b02-b983-1d1fb421c2fd,APPL-00008,TV,Appliances,1000.0,1.0,9/15/2022,9/16/2022,Cash
868,31c6460b-7117-4a78-a21c-8c0c909d2e9c,f9e51378-31f5-422b-8414-1429d5172456,INST-00003,Bass,Instruments,600.0,10.0,3/28/2020,3/29/2020,PayPal
869,a4d3cd3a-160d-4f63-aced-2d85b975b39f,4f0f358c-6c2b-4746-b54a-516fa7861345,CLOT-00001,Jacket,Clothes,100.0,3.0,7/20/2020,7/22/2020,PayPal
870,45a5cef7-1e86-4393-862c-917b859a7583,6fab8192-6f37-49f6-9e97-acfeb17b455f,APPL-00007,Bench,Appliances,150.0,5.0,1/27/2020,2/4/2020,Cash
871,a3463026-08bd-4a6a-81c4-9068eb05e773,4feec8bd-fadf-40e5-8ad8-47b8db127c4e,ELEC-00003,Laptop B,Electronics,2000.0,6.0,7/14/2020,7/23/2020,PayPal
872,a47b436d-0421-4034-9630-0c874542d430,b704e431-30c1-4238-a8a1-33273e999f21,INST-00001,Guitar,Instruments,500.0,8.0,4/23/2021,4/25/2021,Cash
873,40098463-3b79-4d3a-ade6-d9796cb4e130,30a37d09-4dfe-4010-ae60-650f690caf95,APPL-00004,Shelves,Appliances,100.0,8.0,12/27/2021,1/3/2022,Cash
875,7daf3e3d-c711-4c8d-bb14-7ef364b4e64e,f65bf34c-26e3-4639-9cf3-38247d9e4fab,CLOT-00005,Pants,Clothes,60.0,6.0,12/12/2020,12/19/2020,Credit Card
876,07b3ce9d-50db-43f3-b3a3-db282ff3871b,915de659-9279-4276-8373-5ea10b862e23,CLOT-00003,Shirt,Clothes,30.0,3.0,3/24/2022,4/2/2022,Unknown
877,21b4d7b3-3dcf-4ccf-8ecb-a7fe57242829,605d68a3-3d27-4724-a64c-a4ee131dbaed,CLOT-00001,Jacket,Clothes,100.0,4.0,4/20/2020,4/29/2020,Cash
878,1ffdebd8-ca70-473c-8ce0-8e3afa07e8a8,f7baf148-d619-4e25-b625-003ed19691ba,APPL-00001,Chair,Appliances,50.0,3.0,3/2/2022,3/5/2022,Credit Card
879,0e0a2d4e-6872-49c0-9fab-90daa48158f7,ecfce0dc-5350-4e56-82f1-7b67009e9997,INST-00002,Drum,Instruments,1000.0,1.0,12/26/2022,1/1/2023,PayPal
880,e3d07939-318d-4af1-b763-ab3ba11c9a23,3e8e3a4f-2d2c-42f6-90c8-5bf2661e6a85,CLOT-00003,Shirt,Clothes,30.0,9.0,7/31/2021,8/8/2021,Cash
882,99c1253c-6a09-4da3-aae3-73cfc3924ed1,fa83803f-e371-4334-b8bc-69f849f35db8,ELEC-00002,Laptop A,Electronics,1000.0,1.0,2/20/2023,2/25/2023,Unknown
883,3a20886f-0bcf-4dd7-911f-0937fe25d262,0cb5d859-cc91-4844-86f0-666aa1ae98f9,APPL-00011,Microwave,Appliances,200.0,2.0,4/6/2020,4/6/2020,Credit Card
885,f2b4f091-2ccb-4234-a791-e1e213182275,11691a8e-ee7d-47b3-9a69-9ccfd5a332bd,ELEC-00001,Phone X,Electronics,800.0,7.0,4/24/2022,4/25/2022,PayPal
886,89a6d123-a260-460e-a70a-852d9f306750,6ccc37b5-878d-429f-8104-f368a54908e8,APPL-00007,Bench,Appliances,150.0,7.0,4/11/2021,4/11/2021,Credit Card
887,a283a933-5ffd-40d3-bc50-4942b88eb137,6d98f555-356f-49d3-a3c3-c67907589e43,APPL-00001,Chair,Appliances,50.0,9.0,9/18/2021,9/27/2021,Credit Card
888,07d8e0d2-637a-491f-b750-e8cbea25e1a7,4581a62f-45ca-47ee-9377-30f2196e1003,INST-00003,Bass,Instruments,600.0,7.0,1/30/2020,2/4/2020,Cash
890,d4dbb6cb-0a55-49a7-9b2e-c0078d61c3ff,45e58d54-e31e-4185-8ce3-8f00f46595e4,CLOT-00005,Pants,Clothes,60.0,2.0,10/27/2022,10/28/2022,Credit Card
891,605d9adc-8ce4-4901-af55-9bd1b421b231,9bb64bf4-ccbf-47b0-8be1-eb7e06d080f8,ELEC-00003,Laptop B,Electronics,2000.0,3.0,5/19/2023,5/24/2023,Cash
892,dd566793-fdbe-4d6b-8ffc-262da461e5b9,eb5931cb-3c59-481b-aa85-5d2e14f41533,APPL-00011,Microwave,Appliances,200.0,5.0,6/19/2022,6/27/2022,Cash
893,c4979381-233d-42dc-b209-f9ad594c2c40,235f5d04-5594-49dc-920e-b2a219029960,ELEC-00002,Laptop A,Electronics,1000.0,7.0,5/9/2022,5/11/2022,PayPal
894,f38d0d1f-d9a5-4a30-a217-39e1b81e1508,a5dfbb92-626e-4651-abb9-35df28f60f0a,APPL-00007,Bench,Appliances,150.0,3.0,9/28/2021,10/5/2021,Unknown
897,9904f251-d11e-446a-80ec-3404aa9d1840,c605b217-1db7-4eb4-94bf-dedb12494010,ELEC-00005,Tablet B,Electronics,800.0,2.0,7/17/2022,7/21/2022,Credit Card
898,a8c1e1dc-859f-416e-a7da-cb0de9e01b73,03b4bcc7-ef69-4846-84cd-89dc43c1174b,APPL-00002,Table,Appliances,200.0,7.0,6/24/2020,7/2/2020,Unknown
899,66327f7c-77b2-4d24-bbe4-bb4f23f146d7,65d9fcfb-6a27-41b8-82f9-42ab4985e4a5,APPL-00001,Chair,Appliances,50.0,10.0,4/26/2023,4/26/2023,Credit Card
900,5bb85fdb-9984-4293-bc03-5efac87c0d1f,532dfc5b-bd7c-439e-ad74-1dc7a54686c1,INST-00004,Flute,Instruments,100.0,1.0,5/23/2020,5/29/2020,PayPal
902,f9f81d50-0724-46ee-8e67-800f4d8d086a,0d54529e-8e47-4828-9579-e0b74e177b81,APPL-00002,Table,Appliances,200.0,10.0,3/5/2020,3/6/2020,Credit Card
903,db2e847a-0b06-4157-9e2f-39565b99deec,45e58d54-e31e-4185-8ce3-8f00f46595e4,APPL-00004,Shelves,Appliances,100.0,3.0,8/8/2021,8/8/2021,Unknown
904,71a5cfe1-5f00-44b4-9ef4-7e863cfac87e,61ca42f7-c430-4a53-8f63-a00d720b57bd,APPL-00008,TV,Appliances,1000.0,2.0,2/20/2020,2/26/2020,PayPal
905,5e57f575-ad1c-46c5-a544-9de4f0ca66b9,6895d8a2-f8e3-45db-9a5d-594068722090,APPL-00006,Stool,Appliances,30.0,2.0,4/18/2020,4/18/2020,PayPal
907,831a6dbc-e157-4fe9-bde2-866d904d0ab3,b3dab6bc-24cb-4218-9449-bfaec26858e7,ELEC-00004,Tablet A,Electronics,400.0,9.0,2/13/2022,2/16/2022,Cash
909,58a1a36d-03bd-4f83-adc8-48341935da01,6895d8a2-f8e3-45db-9a5d-594068722090,ELEC-00001,Phone X,Electronics,800.0,9.0,10/20/2021,10/29/2021,Credit Card
910,d0fb4a16-8813-4592-a6c4-a5d9b0da2ac6,7a3439a6-bac3-4ec1-bbbd-0cd350910d3b,APPL-00004,Shelves,Appliances,100.0,6.0,8/24/2021,8/25/2021,PayPal
911,47e679eb-eab0-4737-ab68-38c21e491c9a,6895d8a2-f8e3-45db-9a5d-594068722090,INST-00001,Guitar,Instruments,500.0,1.0,10/2/2021,10/6/2021,Cash
912,a8ba0d0f-5ce2-4d1a-a948-68163058ec42,3d12d66d-f4e9-4ed5-b87a-84e75a969ee8,ELEC-00003,Laptop B,Electronics,2000.0,2.0,6/21/2023,6/24/2023,Credit Card
914,80b72821-2c78-40b6-8a7a-8ff68748e10d,be452038-2146-4ef0-b222-01faea934f42,INST-00003,Bass,Instruments,600.0,4.0,6/28/2021,7/5/2021,Cash
915,97f7cb96-cd7e-4bd8-a6a9-f5d37f06fde0,985e988b-4f63-468e-9d20-a9339d67d105,APPL-00011,Microwave,Appliances,200.0,1.0,9/11/2023,9/18/2023,Credit Card
916,7cfb9b56-ccb3-4574-a1bf-66d190264e5c,dd61bc04-4392-485c-897c-5853761de842,CLOT-00005,Pants,Clothes,60.0,7.0,9/6/2020,9/14/2020,Credit Card
918,176eff7b-5bb2-451a-a190-3047918a5393,534bbe42-21f9-4770-bb2c-983377618e8e,INST-00002,Drum,Instruments,1000.0,6.0,2/14/2022,2/22/2022,Credit Card
920,88d8dd90-8e40-4adc-8df2-34e4b4460cf4,81ce3406-03b0-48be-873e-266b35fc4559,APPL-00007,Bench,Appliances,150.0,5.0,3/23/2023,3/29/2023,PayPal
921,08b7e4de-8ff2-418d-8106-72a97d0e45ec,8600f4ef-a17c-49fd-8fd9-5e36c3dbbf11,APPL-00004,Shelves,Appliances,100.0,3.0,8/30/2020,9/8/2020,PayPal
923,7fb1852c-c3fc-4a5b-abcd-d02abc6b15ec,1d44c463-74e2-4241-8899-cef89521bd94,APPL-00007,Bench,Appliances,150.0,2.0,10/7/2020,10/10/2020,Credit Card
925,331d4a55-2b0c-411f-911c-acc8a6284ef1,7ff2e6e9-f548-4f87-b675-7b83b56f2272,CLOT-00005,Pants,Clothes,60.0,6.0,6/30/2020,7/5/2020,Credit Card
926,2a66e597-ff4e-464b-92a3-d6db23bfac4a,605d68a3-3d27-4724-a64c-a4ee131dbaed,APPL-00003,Wardrobe,Appliances,500.0,5.0,5/3/2022,5/12/2022,Cash
928,c043a119-88d3-4521-ae84-7e51afcb36ef,c7916ec0-2413-4a80-9b61-e768e5848cb0,INST-00002,Drum,Instruments,1000.0,2.0,6/14/2020,6/18/2020,Cash
930,4752ff81-d1f6-4f87-9019-26970cf6d2a0,ea57cddd-c88f-40e5-9bc9-427e4d016de2,ELEC-00003,Laptop B,Electronics,2000.0,6.0,2/12/2021,2/21/2021,Cash
931,aefbf4cc-f89b-483d-8e1b-26c5d614c0b3,dea345a7-fef1-4b09-8da8-f500bb59399e,INST-00002,Drum,Instruments,1000.0,5.0,11/7/2021,11/16/2021,PayPal
935,40c74794-73a8-44ba-a8c1-866d6aa366c6,605d68a3-3d27-4724-a64c-a4ee131dbaed,APPL-00006,Stool,Appliances,30.0,7.0,12/16/2022,12/20/2022,Credit Card
936,fb92d6cc-d021-4802-a640-5366dd2e0837,d5d63f9a-7ece-412d-b095-39d14f27bd0d,ELEC-00004,Tablet A,Electronics,400.0,2.0,1/5/2021,1/13/2021,PayPal
938,e5b1ff9f-c80a-4667-853e-8af22fd657bc,41e54547-94d6-4b96-87ee-093f032cd36e,APPL-00010,AC,Appliances,800.0,7.0,11/1/2023,11/6/2023,PayPal
939,dcef3610-adfd-4be5-b985-222fd0bd95df,837bddab-0618-4f99-b59f-46dd0a261e92,CLOT-00005,Pants,Clothes,60.0,2.0,4/1/2022,4/5/2022,PayPal
940,cb6daf92-116e-4388-9307-7e09bd196ee0,605d68a3-3d27-4724-a64c-a4ee131dbaed,ELEC-00002,Laptop A,Electronics,1000.0,5.0,6/19/2021,6/26/2021,Cash
941,410d6d43-c620-46b5-8295-9f8f0710acb9,b4abbbc4-a2e7-4dba-ad9b-053281191f15,APPL-00010,AC,Appliances,800.0,4.0,6/21/2022,6/24/2022,Cash
943,92db1db1-3ea5-4017-8540-c9ffa461aa16,e3167012-e06e-4d99-b19d-7e7e8a091958,INST-00003,Bass,Instruments,600.0,9.0,11/17/2023,11/22/2023,Unknown
944,4bce0d83-5bb2-44c3-b10c-9d3b81efa325,1ce911f9-edc8-4a11-b6e8-0fcbe69daa12,ELEC-00003,Laptop B,Electronics,2000.0,8.0,6/1/2023,6/6/2023,PayPal
945,8a43c473-f5c0-4842-a09d-300dc1f4b226,d445e372-8b9f-4903-bbe3-6972a1b47aee,APPL-00002,Table,Appliances,200.0,7.0,9/23/2021,9/29/2021,PayPal
947,b61d7f77-fb78-480c-a3e6-5b46fdc1fef0,229afbc3-71f9-4d75-811f-941d1054b13c,APPL-00009,Fridge,Appliances,1000.0,10.0,7/3/2021,7/11/2021,Cash
952,252792de-d23a-4c3c-8181-6e667658c115,6bb30908-384d-472e-a90f-5b898175948a,APPL-00009,Fridge,Appliances,1000.0,2.0,11/6/2022,11/6/2022,PayPal
953,22f2bea9-816d-4fdd-a809-276e6ba960bc,bad7f23b-a785-4ca7-9699-24953d9909a2,CLOT-00002,Skirt,Clothes,50.0,7.0,4/10/2022,4/17/2022,Credit Card
954,3af50660-4b1e-4d47-bf74-ffe2d0cc35b6,be9b53d3-8a37-4fe3-add7-088fcd12ce46,APPL-00007,Bench,Appliances,150.0,6.0,5/16/2022,5/20/2022,Cash
955,bc5d7763-035a-4608-8951-6c72d1ae80d5,ff1c3299-6442-4cfb-986c-a9b7817ce547,CLOT-00003,Shirt,Clothes,30.0,9.0,5/31/2021,6/6/2021,Cash
956,2b2c04a3-c252-471a-862e-77e8396e501e,0bdac504-706b-4b85-ad15-4e718c42f7eb,INST-00002,Drum,Instruments,1000.0,6.0,5/30/2021,5/30/2021,Credit Card
958,e1e56a70-652b-497f-94eb-5144c569b4d8,1286269a-5f00-4660-a7f3-f7a0970d6344,APPL-00003,Wardrobe,Appliances,500.0,10.0,3/2/2020,3/10/2020,Credit Card
961,30db0f7a-9c4d-4330-8833-4395aea404ff,6c851627-f09a-49cd-9476-37de33476199,APPL-00005,Rack,Appliances,50.0,5.0,4/17/2023,4/18/2023,Credit Card
962,d9a1e6f0-2cf7-4e95-9b72-31746c22a322,9de439e3-b680-48e4-93dd-e731532a14ad,APPL-00012,Freezer,Appliances,800.0,3.0,2/13/2021,2/22/2021,Cash
964,82cccc37-7ef7-4911-8fef-b3fdba933bf1,fcdf21f8-f158-4bbc-b98b-7e338c179222,APPL-00010,AC,Appliances,800.0,4.0,9/29/2021,10/5/2021,Cash
965,013280dd-d359-4b6a-ad31-37cc6056cb96,979191a1-835f-46c5-a0b7-932a6eaeef82,APPL-00005,Rack,Appliances,50.0,7.0,5/23/2022,5/26/2022,Cash
967,9341b52f-10ea-4914-a333-2f598955444d,6845d336-dc64-46c0-94ae-f3fa8d5319db,ELEC-00001,Phone X,Electronics,800.0,8.0,4/25/2023,4/25/2023,PayPal
968,dbb5dcef-5010-4783-8dcc-aed862ea1247,9609c0fa-8304-4e1d-b080-b6af034cb4c2,ELEC-00003,Laptop B,Electronics,2000.0,1.0,1/18/2021,1/18/2021,PayPal
971,b87e3613-a29c-4ca3-a2a3-b554fa662202,459114b3-7af8-46e5-a90f-b5ce3017b1ee,ELEC-00004,Tablet A,Electronics,400.0,5.0,10/8/2023,10/14/2023,PayPal
972,c85de5e3-c440-4b01-afa6-ca24254c8d4d,7f070be5-17fd-41bd-aed6-3995afaf3fab,CLOT-00005,Pants,Clothes,60.0,2.0,3/10/2021,3/10/2021,PayPal
975,d3ecba5c-289d-48b4-9a8f-6c61bbe55255,5afe9c7a-ce9a-4ca6-bfcb-3884c9d9f33b,APPL-00010,AC,Appliances,800.0,1.0,6/18/2023,6/27/2023,Credit Card
976,9aeba8df-0cd1-404f-bc01-a88370ab4740,ce0bd587-8c24-4b96-9cd4-a0a8c52d63a5,CLOT-00001,Jacket,Clothes,100.0,2.0,10/29/2023,11/4/2023,Unknown
979,e1f8f062-06f3-4fd5-ae8b-a07646e5c87f,5cb6e145-e229-4c25-b0c2-ac10c48dfef1,CLOT-00003,Shirt,Clothes,30.0,8.0,6/29/2021,7/1/2021,Credit Card
980,ca6e1ce0-11d2-4835-bf5a-72e648c2d60c,085f7233-6829-4442-9c9d-3b0392b65444,INST-00003,Bass,Instruments,600.0,1.0,3/21/2022,3/30/2022,Unknown
981,a4fb743b-9246-475f-9e97-f7fa88be3183,3c6cd14a-de72-4322-85a2-64d342431318,INST-00004,Flute,Instruments,100.0,1.0,2/23/2021,2/23/2021,PayPal
983,6f49632f-5e25-4ad0-8db9-d12a6a0aa3b9,f142d1e1-7453-4f19-b68b-e12c112a7a44,APPL-00011,Microwave,Appliances,200.0,9.0,2/20/2022,2/23/2022,PayPal
988,214a6943-2fb5-443f-8035-ba68190ade82,2e66a645-8b40-4c73-9c72-6af92cff0be8,APPL-00005,Rack,Appliances,50.0,6.0,4/25/2020,4/28/2020,PayPal
990,2075b6d0-c65c-4cb0-b1c0-2e58ad3da09b,4148bd4f-4dcb-489a-8bf7-ce21362c4c07,CLOT-00001,Jacket,Clothes,100.0,1.0,8/17/2021,8/21/2021,PayPal
992,bca30d09-5661-4411-929c-2a401ff711f9,f68fb938-9dc8-4d37-8928-151a8b9705ba,ELEC-00003,Laptop B,Electronics,2000.0,6.0,6/24/2022,6/29/2022,Credit Card
994,eb43b5cd-2dbb-4212-aa2e-0e5dd1c66ce2,16ee2a3b-6d85-43fe-877c-ac5e274024fb,CLOT-00001,Jacket,Clothes,100.0,2.0,5/14/2023,5/17/2023,PayPal
995,443b2f3b-9274-4741-98cf-4d5894ad9baf,c8e01a21-6e94-48bc-bd32-49f9658f91ea,ELEC-00003,Laptop B,Electronics,2000.0,6.0,1/7/2022,1/12/2022,PayPal
996,8f4d4261-8811-4e2c-b518-725f5c38df87,80cb7c8a-1cec-4e2a-b2f1-7264b1aa8978,CLOT-00003,Shirt,Clothes,30.0,3.0,3/20/2022,3/27/2022,PayPal
